,"EntryType","LootMinRarity","LootMaxRarity","LootMinPowerLevel","LootMaxPowerLevel","LootType","LootSpecifier","AllowGrouping"
"NewRow2","Reward","Supreme","Supreme",9,11,"Mod","Lancer","True"
"NewRow3","Reward","Supreme","Supreme",9,11,"Mod","Lancer","True"
"NewRow4","Reward","Supreme","Supreme",9,11,"Mod","Lancer","True"
"NewRow5","Reward","Supreme","Supreme",9,11,"Mod","Lancer","True"
"NewRow6","Reward","Supreme","Supreme",9,11,"Mod","Gnasher","True"
"NewRow7","Reward","Supreme","Supreme",9,11,"Mod","Gnasher","True"
"NewRow8","Reward","Supreme","Supreme",9,11,"Mod","Gnasher","True"
"NewRow9","Reward","Supreme","Supreme",9,11,"Mod","Gnasher","True"
"NewRow10","Reward","Supreme","Supreme",9,11,"Mod","Mulcher","True"
"NewRow11","Reward","Supreme","Supreme",9,11,"Mod","Mulcher","True"
"NewRow12","Reward","Supreme","Supreme",9,11,"Mod","Mulcher","True"
"NewRow13","Reward","Supreme","Supreme",9,11,"Mod","Mulcher","True"
"NewRow14","Reward","Supreme","Supreme",9,11,"Mod","RetroLancer","True"
"NewRow15","Reward","Supreme","Supreme",9,11,"Mod","RetroLancer","True"
"NewRow16","Reward","Supreme","Supreme",9,11,"Mod","RetroLancer","True"
"NewRow17","Reward","Supreme","Supreme",9,11,"Mod","RetroLancer","True"
"NewRow18","Reward","Supreme","Supreme",9,11,"Mod","Longshot","True"
"NewRow19","Reward","Supreme","Supreme",9,11,"Mod","Longshot","True"
"NewRow20","Reward","Supreme","Supreme",9,11,"Mod","Longshot","True"
"NewRow21","Reward","Supreme","Supreme",9,11,"Mod","Longshot","True"
"NewRow22","Reward","Legendary","Legendary",9,11,"Armour","Aspho|Upper","True"
"NewRow23","Reward","Legendary","Legendary",9,11,"Armour","Aspho|Lower","True"
"NewRow24","Reward","Legendary","Legendary",9,11,"Armour","Aspho|Helmet","True"
"NewRow25","Reward","Legendary","Legendary",9,11,"Armour","Cadet|Upper","True"
"NewRow26","Reward","Legendary","Legendary",9,11,"Armour","Cadet|Lower","True"
"NewRow27","Reward","Legendary","Legendary",9,11,"Armour","Cadet|Helmet","True"
"NewRow28","Reward","Legendary","Legendary",9,11,"Armour","Destroyer|Upper","True"
"NewRow29","Reward","Legendary","Legendary",9,11,"Armour","Destroyer|Lower","True"
"NewRow30","Reward","Legendary","Legendary",9,11,"Armour","Destroyer|Upper","True"
"NewRow31","Reward","Legendary","Legendary",9,11,"Armour","Delta|Upper","True"
"NewRow32","Reward","Legendary","Legendary",9,11,"Armour","Delta|Lower","True"
"NewRow33","Reward","Legendary","Legendary",9,11,"Armour","Delta|Helmet","True"
"NewRow34","Reward","Legendary","Legendary",9,11,"Armour","Commando|Upper","True"
"NewRow35","Reward","Legendary","Legendary",9,11,"Armour","Commando|Lower","True"
"NewRow36","Reward","Legendary","Legendary",9,11,"Armour","Commando|Upper","True"
"NewRow37","Reward","Legendary","Legendary",9,11,"Armour","Hunter|Upper","True"
"NewRow38","Reward","Legendary","Legendary",9,11,"Armour","Hunter|Lower","True"
"NewRow39","Reward","Legendary","Legendary",9,11,"Armour","Hunter|Helmet","True"
"NewRow40","Reward","Legendary","Legendary",9,11,"Armour","Onyx|Upper","True"
"NewRow41","Reward","Legendary","Legendary",9,11,"Armour","Onyx|Lower","True"
"NewRow42","Reward","Legendary","Legendary",9,11,"Armour","Onyx|Helmet","True"
"NewRow43","Reward","Legendary","Legendary",9,11,"Armour","UIR|Upper","True"
"NewRow44","Reward","Legendary","Legendary",9,11,"Armour","UIR|Lower","True"
"NewRow45","Reward","Legendary","Legendary",9,11,"Armour","UIR|Helmet","True"
"NewRow46","Reward","Epic","Epic",9,11,"Armour","Aspho|Upper","True"
"NewRow47","Reward","Epic","Epic",9,11,"Armour","Aspho|Lower","True"
"NewRow48","Reward","Epic","Epic",9,11,"Armour","Aspho|Helmet","True"
"NewRow49","Reward","Epic","Epic",9,11,"Armour","Cadet|Upper","True"
"NewRow50","Reward","Epic","Epic",9,11,"Armour","Cadet|Lower","True"
"NewRow51","Reward","Epic","Epic",9,11,"Armour","Cadet|Helmet","True"
"NewRow52","Reward","Epic","Epic",9,11,"Armour","Destroyer|Upper","True"
"NewRow53","Reward","Epic","Epic",9,11,"Armour","Destroyer|Lower","True"
"NewRow54","Reward","Epic","Epic",9,11,"Armour","Destroyer|Upper","True"
"NewRow55","Reward","Epic","Epic",9,11,"Armour","Delta|Upper","True"
"NewRow56","Reward","Epic","Epic",9,11,"Armour","Delta|Lower","True"
"NewRow57","Reward","Epic","Epic",9,11,"Armour","Delta|Helmet","True"
"NewRow58","Reward","Epic","Epic",9,11,"Armour","Commando|Upper","True"
"NewRow59","Reward","Epic","Epic",9,11,"Armour","Commando|Lower","True"
"NewRow60","Reward","Epic","Epic",9,11,"Armour","Commando|Upper","True"
"NewRow61","Reward","Epic","Epic",9,11,"Armour","Hunter|Upper","True"
"NewRow62","Reward","Epic","Epic",9,11,"Armour","Hunter|Lower","True"
"NewRow63","Reward","Epic","Epic",9,11,"Armour","Hunter|Helmet","True"
"NewRow64","Reward","Epic","Epic",9,11,"Armour","Onyx|Upper","True"
"NewRow65","Reward","Epic","Epic",9,11,"Armour","Onyx|Lower","True"
"NewRow66","Reward","Epic","Epic",9,11,"Armour","Onyx|Helmet","True"
"NewRow67","Reward","Epic","Epic",9,11,"Armour","UIR|Upper","True"
"NewRow68","Reward","Epic","Epic",9,11,"Armour","UIR|Lower","True"
"NewRow69","Reward","Epic","Epic",9,11,"Armour","UIR|Helmet","True"
"NewRow71","Reward","Rare","Rare",9,11,"Armour","Aspho|Upper","True"
"NewRow72","Reward","Rare","Rare",9,11,"Armour","Aspho|Lower","True"
"NewRow73","Reward","Rare","Rare",9,11,"Armour","Aspho|Helmet","True"
"NewRow74","Reward","Rare","Rare",9,11,"Armour","Cadet|Upper","True"
"NewRow75","Reward","Rare","Rare",9,11,"Armour","Cadet|Lower","True"
"NewRow76","Reward","Rare","Rare",9,11,"Armour","Cadet|Helmet","True"
"NewRow77","Reward","Rare","Rare",9,11,"Armour","Destroyer|Upper","True"
"NewRow78","Reward","Rare","Rare",9,11,"Armour","Destroyer|Lower","True"
"NewRow79","Reward","Rare","Rare",9,11,"Armour","Destroyer|Upper","True"
"NewRow80","Reward","Rare","Rare",9,11,"Armour","Delta|Upper","True"
"NewRow81","Reward","Rare","Rare",9,11,"Armour","Delta|Lower","True"
"NewRow82","Reward","Rare","Rare",9,11,"Armour","Delta|Helmet","True"
"NewRow83","Reward","Rare","Rare",9,11,"Armour","Commando|Upper","True"
"NewRow84","Reward","Rare","Rare",9,11,"Armour","Commando|Lower","True"
"NewRow85","Reward","Rare","Rare",9,11,"Armour","Commando|Upper","True"
"NewRow86","Reward","Rare","Rare",9,11,"Armour","Hunter|Upper","True"
"NewRow87","Reward","Rare","Rare",9,11,"Armour","Hunter|Lower","True"
"NewRow88","Reward","Rare","Rare",9,11,"Armour","Hunter|Helmet","True"
"NewRow89","Reward","Rare","Rare",9,11,"Armour","Onyx|Upper","True"
"NewRow90","Reward","Rare","Rare",9,11,"Armour","Onyx|Lower","True"
"NewRow91","Reward","Rare","Rare",9,11,"Armour","Onyx|Helmet","True"
"NewRow92","Reward","Rare","Rare",9,11,"Armour","UIR|Upper","True"
"NewRow93","Reward","Rare","Rare",9,11,"Armour","UIR|Lower","True"
"NewRow94","Reward","Rare","Rare",9,11,"Armour","UIR|Helmet","True"
"NewRow95","Reward","Common","Common",9,11,"Armour","Aspho|Upper","True"
"NewRow96","Reward","Common","Common",9,11,"Armour","Aspho|Lower","True"
"NewRow97","Reward","Common","Common",9,11,"Armour","Aspho|Helmet","True"
"NewRow98","Reward","Common","Common",9,11,"Armour","Cadet|Upper","True"
"NewRow99","Reward","Common","Common",9,11,"Armour","Cadet|Lower","True"
"NewRow100","Reward","Common","Common",9,11,"Armour","Cadet|Helmet","True"
"NewRow101","Reward","Common","Common",9,11,"Armour","Destroyer|Upper","True"
"NewRow102","Reward","Common","Common",9,11,"Armour","Destroyer|Lower","True"
"NewRow103","Reward","Common","Common",9,11,"Armour","Destroyer|Upper","True"
"NewRow104","Reward","Common","Common",9,11,"Armour","Delta|Upper","True"
"NewRow105","Reward","Common","Common",9,11,"Armour","Delta|Lower","True"
"NewRow106","Reward","Common","Common",9,11,"Armour","Delta|Helmet","True"
"NewRow107","Reward","Common","Common",9,11,"Armour","Commando|Upper","True"
"NewRow108","Reward","Common","Common",9,11,"Armour","Commando|Lower","True"
"NewRow109","Reward","Common","Common",9,11,"Armour","Commando|Upper","True"
"NewRow110","Reward","Common","Common",9,11,"Armour","Hunter|Upper","True"
"NewRow111","Reward","Common","Common",9,11,"Armour","Hunter|Lower","True"
"NewRow112","Reward","Common","Common",9,11,"Armour","Hunter|Helmet","True"
"NewRow113","Reward","Common","Common",9,11,"Armour","Onyx|Upper","True"
"NewRow114","Reward","Common","Common",9,11,"Armour","Onyx|Lower","True"
"NewRow115","Reward","Common","Common",9,11,"Armour","Onyx|Helmet","True"
"NewRow116","Reward","Common","Common",9,11,"Armour","UIR|Upper","True"
"NewRow117","Reward","Common","Common",9,11,"Armour","UIR|Lower","True"
"NewRow118","Reward","Common","Common",9,11,"Armour","UIR|Helmet","True"
"NewRow119","Reward","Uncommon","Uncommon",9,11,"Armour","Aspho|Upper","True"
"NewRow120","Reward","Uncommon","Uncommon",9,11,"Armour","Aspho|Lower","True"
"NewRow121","Reward","Uncommon","Uncommon",9,11,"Armour","Aspho|Helmet","True"
"NewRow122","Reward","Uncommon","Uncommon",9,11,"Armour","Cadet|Upper","True"
"NewRow123","Reward","Uncommon","Uncommon",9,11,"Armour","Cadet|Lower","True"
"NewRow124","Reward","Uncommon","Uncommon",9,11,"Armour","Cadet|Helmet","True"
"NewRow125","Reward","Uncommon","Uncommon",9,11,"Armour","Destroyer|Upper","True"
"NewRow126","Reward","Uncommon","Uncommon",9,11,"Armour","Destroyer|Lower","True"
"NewRow127","Reward","Uncommon","Uncommon",9,11,"Armour","Destroyer|Upper","True"
"NewRow128","Reward","Uncommon","Uncommon",9,11,"Armour","Delta|Upper","True"
"NewRow129","Reward","Uncommon","Uncommon",9,11,"Armour","Delta|Lower","True"
"NewRow130","Reward","Uncommon","Uncommon",9,11,"Armour","Delta|Helmet","True"
"NewRow131","Reward","Uncommon","Uncommon",9,11,"Armour","Commando|Upper","True"
"NewRow132","Reward","Uncommon","Uncommon",9,11,"Armour","Commando|Lower","True"
"NewRow133","Reward","Uncommon","Uncommon",9,11,"Armour","Commando|Upper","True"
"NewRow134","Reward","Uncommon","Uncommon",9,11,"Armour","Hunter|Upper","True"
"NewRow135","Reward","Uncommon","Uncommon",9,11,"Armour","Hunter|Lower","True"
"NewRow136","Reward","Uncommon","Uncommon",9,11,"Armour","Hunter|Helmet","True"
"NewRow137","Reward","Uncommon","Uncommon",9,11,"Armour","Onyx|Upper","True"
"NewRow138","Reward","Uncommon","Uncommon",9,11,"Armour","Onyx|Lower","True"
"NewRow139","Reward","Uncommon","Uncommon",9,11,"Armour","Onyx|Helmet","True"
"NewRow140","Reward","Uncommon","Uncommon",9,11,"Armour","UIR|Upper","True"
"NewRow141","Reward","Uncommon","Uncommon",9,11,"Armour","UIR|Lower","True"
"NewRow142","Reward","Uncommon","Uncommon",9,11,"Armour","UIR|Helmet","True"
"NewRow143","Reward","Legendary","Legendary",9,11,"Mod","Lancer","True"
"NewRow144","Reward","Legendary","Legendary",9,11,"Mod","Lancer","True"
"NewRow145","Reward","Legendary","Legendary",9,11,"Mod","Lancer","True"
"NewRow146","Reward","Legendary","Legendary",9,11,"Mod","Lancer","True"
"NewRow147","Reward","Legendary","Legendary",9,11,"Mod","Gnasher","True"
"NewRow148","Reward","Legendary","Legendary",9,11,"Mod","Gnasher","True"
"NewRow149","Reward","Legendary","Legendary",9,11,"Mod","Gnasher","True"
"NewRow150","Reward","Legendary","Legendary",9,11,"Mod","Gnasher","True"
"NewRow151","Reward","Legendary","Legendary",9,11,"Mod","Mulcher","True"
"NewRow152","Reward","Legendary","Legendary",9,11,"Mod","Mulcher","True"
"NewRow153","Reward","Legendary","Legendary",9,11,"Mod","Mulcher","True"
"NewRow154","Reward","Legendary","Legendary",9,11,"Mod","Mulcher","True"
"NewRow155","Reward","Legendary","Legendary",9,11,"Mod","RetroLancer","True"
"NewRow156","Reward","Legendary","Legendary",9,11,"Mod","RetroLancer","True"
"NewRow157","Reward","Legendary","Legendary",9,11,"Mod","RetroLancer","True"
"NewRow158","Reward","Legendary","Legendary",9,11,"Mod","RetroLancer","True"
"NewRow159","Reward","Legendary","Legendary",9,11,"Mod","Longshot","True"
"NewRow160","Reward","Legendary","Legendary",9,11,"Mod","Longshot","True"
"NewRow161","Reward","Legendary","Legendary",9,11,"Mod","Longshot","True"
"NewRow162","Reward","Legendary","Legendary",9,11,"Mod","Longshot","True"
"NewRow163","Reward","Legendary","Legendary",9,11,"Mod","Lancer","True"
"NewRow164","Reward","Legendary","Legendary",9,11,"Mod","Lancer","True"
"NewRow165","Reward","Legendary","Legendary",9,11,"Mod","Lancer","True"
"NewRow166","Reward","Legendary","Legendary",9,11,"Mod","Lancer","True"
"NewRow167","Reward","Legendary","Legendary",9,11,"Mod","Gnasher","True"
"NewRow168","Reward","Legendary","Legendary",9,11,"Mod","Gnasher","True"
"NewRow169","Reward","Legendary","Legendary",9,11,"Mod","Gnasher","True"
"NewRow170","Reward","Legendary","Legendary",9,11,"Mod","Gnasher","True"
"NewRow171","Reward","Legendary","Legendary",9,11,"Mod","Mulcher","True"
"NewRow172","Reward","Legendary","Legendary",9,11,"Mod","Mulcher","True"
"NewRow173","Reward","Legendary","Legendary",9,11,"Mod","Mulcher","True"
"NewRow174","Reward","Legendary","Legendary",9,11,"Mod","Mulcher","True"
"NewRow175","Reward","Legendary","Legendary",9,11,"Mod","RetroLancer","True"
"NewRow176","Reward","Legendary","Legendary",9,11,"Mod","RetroLancer","True"
"NewRow177","Reward","Legendary","Legendary",9,11,"Mod","RetroLancer","True"
"NewRow178","Reward","Legendary","Legendary",9,11,"Mod","RetroLancer","True"
"NewRow179","Reward","Legendary","Legendary",9,11,"Mod","Longshot","True"
"NewRow180","Reward","Legendary","Legendary",9,11,"Mod","Longshot","True"
"NewRow181","Reward","Legendary","Legendary",9,11,"Mod","Longshot","True"
"NewRow182","Reward","Legendary","Legendary",9,11,"Mod","Longshot","True"
"NewRow183","Reward","Epic","Epic",9,11,"Mod","Lancer","True"
"NewRow184","Reward","Epic","Epic",9,11,"Mod","Lancer","True"
"NewRow185","Reward","Epic","Epic",9,11,"Mod","Lancer","True"
"NewRow186","Reward","Epic","Epic",9,11,"Mod","Lancer","True"
"NewRow187","Reward","Epic","Epic",9,11,"Mod","Gnasher","True"
"NewRow188","Reward","Epic","Epic",9,11,"Mod","Gnasher","True"
"NewRow189","Reward","Epic","Epic",9,11,"Mod","Gnasher","True"
"NewRow190","Reward","Epic","Epic",9,11,"Mod","Gnasher","True"
"NewRow191","Reward","Epic","Epic",9,11,"Mod","Mulcher","True"
"NewRow192","Reward","Epic","Epic",9,11,"Mod","Mulcher","True"
"NewRow193","Reward","Epic","Epic",9,11,"Mod","Mulcher","True"
"NewRow194","Reward","Epic","Epic",9,11,"Mod","Mulcher","True"
"NewRow195","Reward","Epic","Epic",9,11,"Mod","RetroLancer","True"
"NewRow196","Reward","Epic","Epic",9,11,"Mod","RetroLancer","True"
"NewRow197","Reward","Epic","Epic",9,11,"Mod","RetroLancer","True"
"NewRow198","Reward","Epic","Epic",9,11,"Mod","RetroLancer","True"
"NewRow199","Reward","Epic","Epic",9,11,"Mod","Longshot","True"
"NewRow200","Reward","Epic","Epic",9,11,"Mod","Longshot","True"
"NewRow201","Reward","Epic","Epic",9,11,"Mod","Longshot","True"
"NewRow202","Reward","Epic","Epic",9,11,"Mod","Longshot","True"
"NewRow203","Reward","Rare","Rare",9,11,"Mod","Lancer","True"
"NewRow204","Reward","Rare","Rare",9,11,"Mod","Lancer","True"
"NewRow205","Reward","Rare","Rare",9,11,"Mod","Lancer","True"
"NewRow206","Reward","Rare","Rare",9,11,"Mod","Lancer","True"
"NewRow207","Reward","Rare","Rare",9,11,"Mod","Gnasher","True"
"NewRow208","Reward","Rare","Rare",9,11,"Mod","Gnasher","True"
"NewRow209","Reward","Rare","Rare",9,11,"Mod","Gnasher","True"
"NewRow210","Reward","Rare","Rare",9,11,"Mod","Gnasher","True"
"NewRow211","Reward","Rare","Rare",9,11,"Mod","Mulcher","True"
"NewRow212","Reward","Rare","Rare",9,11,"Mod","Mulcher","True"
"NewRow213","Reward","Rare","Rare",9,11,"Mod","Mulcher","True"
"NewRow214","Reward","Rare","Rare",9,11,"Mod","Mulcher","True"
"NewRow215","Reward","Rare","Rare",9,11,"Mod","RetroLancer","True"
"NewRow216","Reward","Rare","Rare",9,11,"Mod","RetroLancer","True"
"NewRow217","Reward","Rare","Rare",9,11,"Mod","RetroLancer","True"
"NewRow218","Reward","Rare","Rare",9,11,"Mod","RetroLancer","True"
"NewRow219","Reward","Rare","Rare",9,11,"Mod","Longshot","True"
"NewRow220","Reward","Rare","Rare",9,11,"Mod","Longshot","True"
"NewRow221","Reward","Rare","Rare",9,11,"Mod","Longshot","True"
"NewRow222","Reward","Rare","Rare",9,11,"Mod","Longshot","True"
"NewRow223","Reward","Common","Common",9,11,"Mod","Lancer","True"
"NewRow224","Reward","Common","Common",9,11,"Mod","Lancer","True"
"NewRow225","Reward","Common","Common",9,11,"Mod","Lancer","True"
"NewRow226","Reward","Common","Common",9,11,"Mod","Lancer","True"
"NewRow227","Reward","Common","Common",9,11,"Mod","Gnasher","True"
"NewRow228","Reward","Common","Common",9,11,"Mod","Gnasher","True"
"NewRow229","Reward","Common","Common",9,11,"Mod","Gnasher","True"
"NewRow230","Reward","Common","Common",9,11,"Mod","Gnasher","True"
"NewRow231","Reward","Common","Common",9,11,"Mod","Mulcher","True"
"NewRow232","Reward","Common","Common",9,11,"Mod","Mulcher","True"
"NewRow233","Reward","Common","Common",9,11,"Mod","Mulcher","True"
"NewRow234","Reward","Common","Common",9,11,"Mod","Mulcher","True"
"NewRow235","Reward","Common","Common",9,11,"Mod","RetroLancer","True"
"NewRow236","Reward","Common","Common",9,11,"Mod","RetroLancer","True"
"NewRow237","Reward","Common","Common",9,11,"Mod","RetroLancer","True"
"NewRow238","Reward","Common","Common",9,11,"Mod","RetroLancer","True"
"NewRow239","Reward","Common","Common",9,11,"Mod","Longshot","True"
"NewRow240","Reward","Common","Common",9,11,"Mod","Longshot","True"
"NewRow241","Reward","Common","Common",9,11,"Mod","Longshot","True"
"NewRow242","Reward","Common","Common",9,11,"Mod","Longshot","True"
"NewRow243","Reward","Uncommon","Uncommon",9,11,"Mod","Lancer","True"
"NewRow244","Reward","Uncommon","Uncommon",9,11,"Mod","Lancer","True"
"NewRow245","Reward","Uncommon","Uncommon",9,11,"Mod","Lancer","True"
"NewRow246","Reward","Uncommon","Uncommon",9,11,"Mod","Lancer","True"
"NewRow247","Reward","Uncommon","Uncommon",9,11,"Mod","Gnasher","True"
"NewRow248","Reward","Uncommon","Uncommon",9,11,"Mod","Gnasher","True"
"NewRow249","Reward","Uncommon","Uncommon",9,11,"Mod","Gnasher","True"
"NewRow250","Reward","Uncommon","Uncommon",9,11,"Mod","Gnasher","True"
"NewRow251","Reward","Uncommon","Uncommon",9,11,"Mod","Mulcher","True"
"NewRow252","Reward","Uncommon","Uncommon",9,11,"Mod","Mulcher","True"
"NewRow253","Reward","Uncommon","Uncommon",9,11,"Mod","Mulcher","True"
"NewRow254","Reward","Uncommon","Uncommon",9,11,"Mod","Mulcher","True"
"NewRow255","Reward","Uncommon","Uncommon",9,11,"Mod","RetroLancer","True"
"NewRow256","Reward","Uncommon","Uncommon",9,11,"Mod","RetroLancer","True"
"NewRow257","Reward","Uncommon","Uncommon",9,11,"Mod","RetroLancer","True"
"NewRow258","Reward","Uncommon","Uncommon",9,11,"Mod","RetroLancer","True"
"NewRow259","Reward","Uncommon","Uncommon",9,11,"Mod","Longshot","True"
"NewRow260","Reward","Uncommon","Uncommon",9,11,"Mod","Longshot","True"
"NewRow261","Reward","Uncommon","Uncommon",9,11,"Mod","Longshot","True"
"NewRow262","Reward","Uncommon","Uncommon",9,11,"Mod","Longshot","True"
"NewRow263","Reward","Legendary","Legendary",9,11,"Mod","FragGrenade","True"
"NewRow264","Reward","Legendary","Legendary",9,11,"Mod","SnubPistol","True"
"NewRow265","Reward","Legendary","Legendary",9,11,"Mod","StimGrenade","True"
"NewRow266","Reward","Epic","Epic",9,11,"Mod","FragGrenade","True"
"NewRow267","Reward","Epic","Epic",9,11,"Mod","SnubPistol","True"
"NewRow268","Reward","Epic","Epic",9,11,"Mod","StimGrenade","True"
"NewRow269","Reward","Rare","Rare",9,11,"Mod","FragGrenade","True"
"NewRow270","Reward","Rare","Rare",9,11,"Mod","SnubPistol","True"
"NewRow271","Reward","Rare","Rare",9,11,"Mod","StimGrenade","True"
"NewRow272","Reward","Uncommon","Uncommon",9,11,"Mod","FragGrenade","True"
"NewRow273","Reward","Uncommon","Uncommon",9,11,"Mod","SnubPistol","True"
"NewRow274","Reward","Uncommon","Uncommon",9,11,"Mod","StimGrenade","True"
"NewRow275","Reward","Uncommon","Uncommon",9,11,"Armour","Ranger|Upper","True"
"NewRow276","Reward","Uncommon","Uncommon",9,11,"Armour","Ranger|Lower","True"
"NewRow277","Reward","Uncommon","Uncommon",9,11,"Armour","Ranger|Helmet","True"
"NewRow278","Reward","common","common",9,11,"Armour","Ranger|Upper","True"
"NewRow279","Reward","common","common",9,11,"Armour","Ranger|Lower","True"
"NewRow280","Reward","common","common",9,11,"Armour","Ranger|Helmet","True"
"NewRow281","Reward","Rare","Rare",9,11,"Armour","Ranger|Upper","True"
"NewRow282","Reward","Rare","Rare",9,11,"Armour","Ranger|Lower","True"
"NewRow283","Reward","Rare","Rare",9,11,"Armour","Ranger|Helmet","True"
"NewRow284","Reward","Epic","Epic",9,11,"Armour","Ranger|Upper","True"
"NewRow285","Reward","Epic","Epic",9,11,"Armour","Ranger|Lower","True"
"NewRow286","Reward","Epic","Epic",9,11,"Armour","Ranger|Helmet","True"
"NewRow287","Reward","Legendary","Legendary",9,11,"Armour","Ranger|Upper","True"
"NewRow288","Reward","Legendary","Legendary",9,11,"Armour","Ranger|Lower","True"
"NewRow289","Reward","Legendary","Legendary",9,11,"Armour","Ranger|Helmet","True"
"NewRow290","Reward","Uncommon","Uncommon",9,11,"Armour","Destroyer|Upper","True"
"NewRow291","Reward","Uncommon","Uncommon",9,11,"Armour","Destroyer|Lower","True"
"NewRow292","Reward","Uncommon","Uncommon",9,11,"Armour","Destroyer|Helmet","True"
"NewRow293","Reward","common","common",9,11,"Armour","Destroyer|Upper","True"
"NewRow294","Reward","common","common",9,11,"Armour","Destroyer|Lower","True"
"NewRow295","Reward","common","common",9,11,"Armour","Destroyer|Helmet","True"
"NewRow296","Reward","Rare","Rare",9,11,"Armour","Destroyer|Upper","True"
"NewRow297","Reward","Rare","Rare",9,11,"Armour","Destroyer|Lower","True"
"NewRow298","Reward","Rare","Rare",9,11,"Armour","Destroyer|Helmet","True"
"NewRow299","Reward","Epic","Epic",9,11,"Armour","Destroyer|Upper","True"
"NewRow300","Reward","Epic","Epic",9,11,"Armour","Destroyer|Lower","True"
"NewRow301","Reward","Epic","Epic",9,11,"Armour","Destroyer|Helmet","True"
"NewRow302","Reward","Legendary","Legendary",9,11,"Armour","Destroyer|Upper","True"
"NewRow303","Reward","Legendary","Legendary",9,11,"Armour","Destroyer|Lower","True"
"NewRow304","Reward","Legendary","Legendary",9,11,"Armour","Destroyer|Helmet","True"
"NewRow305","Special","Common","Common",2,2,"BonusCrates",,"True"
"NewRow306","Special","Common","Common",2,2,"BonusCrates",,"True"
"NewRow307","Special","Common","Common",2,2,"BonusCrates",,"True"
"NewRow308","Reward","Common","Common",9,11,"Character","Any| Any|-10","True"
"NewRow309","Reward","Common","Common",9,11,"Character","Any| Any|-10","True"
"NewRow310","Reward","Common","Common",12,12,"Character","Any| Any|-10","True"
"NewRow311","Reward","Common","Common",12,12,"Character","Any| Any|-10","True"
"NewRow312","Special","Legendary","Legendary",9,11,"BonusCrates",,"True"
"NewRow313","Special","Legendary","Legendary",3,3,"BonusXP",,"True"
"NewRow314","Special","Common","Common",9,11,"VisibleFinalReward",,"True"
"NewRow315","Reward","Legendary","Legendary",9,11,"Armour","Any","True"
"NewRow316","Reward","Epic","Epic",9,11,"Mod","Any","True"
"NewRow317","Reward","Supreme","Supreme",9,11,"Mod","Any","True"
