,ArmourClass,ArmourSet,WeaponType,ModSlot,Rarity,Variant,ModifiedStatName,ModificationValue,ResearchCost,EquipCost,ScrapValue
1,-1,-1,0,0,1,0,MovementAllowance,0,500,100,100
2,-1,-1,0,0,2,0,MovementAllowance,0,12500,400,2500
3,-1,-1,0,0,3,0,MovementAllowance,0,30000,1300,6000
4,-1,-1,0,0,4,0,MovementAllowance,1,73500,4000,14700
5,-1,-1,0,0,5,0,MovementAllowance,1,194500,12100,38900
6,-1,-1,0,0,6,0,MovementAllowance,2,583500,36400,116700
7,-1,-1,0,0,1,1,WeaponCritChance,0,500,100,100
8,-1,-1,0,0,2,1,WeaponCritChance,0,12500,400,2500
9,-1,-1,0,0,3,1,WeaponCritChance,0,30000,1300,6000
10,-1,-1,0,0,4,1,WeaponCritChance,0,73500,4000,14700
11,-1,-1,0,0,5,1,WeaponCritChance,10,194500,12100,38900
12,-1,-1,0,0,6,1,WeaponCritChance,0,583500,36400,116700
13,-1,-1,0,0,1,2,WeaponCritChance,5,500,100,100
14,-1,-1,0,0,2,2,WeaponCritChance,5,12500,400,2500
15,-1,-1,0,0,3,2,WeaponCritChance,7,30000,1300,6000
16,-1,-1,0,0,4,2,WeaponCritChance,10,73500,4000,14700
17,-1,-1,0,0,5,2,WeaponCritChance,15,194500,12100,38900
18,-1,-1,0,0,6,2,WeaponCritChance,15,583500,36400,116700
19,-1,-1,0,0,1,2,WeaponCritDamageMultiplier,0,500,100,100
20,-1,-1,0,0,2,2,WeaponCritDamageMultiplier,0,12500,400,2500
21,-1,-1,0,0,3,2,WeaponCritDamageMultiplier,0,30000,1300,6000
22,-1,-1,0,0,4,2,WeaponCritDamageMultiplier,0,73500,4000,14700
23,-1,-1,0,0,5,2,WeaponCritDamageMultiplier,0.25,194500,12100,38900
24,-1,-1,0,0,6,2,WeaponCritDamageMultiplier,0.25,583500,36400,116700
25,-1,-1,0,1,1,0,WeaponAccuracy,0,500,100,100
26,-1,-1,0,1,2,0,WeaponAccuracy,0,12500,400,2500
27,-1,-1,0,1,3,0,WeaponAccuracy,0,30000,1300,6000
28,-1,-1,0,1,4,0,WeaponAccuracy,0,73500,4000,14700
29,-1,-1,0,1,5,0,WeaponAccuracy,0.2,194500,12100,38900
30,-1,-1,0,1,6,0,WeaponAccuracy,0,583500,36400,116700
31,-1,-1,0,1,1,1,WeaponAccuracy,0,500,100,100
32,-1,-1,0,1,2,1,WeaponAccuracy,0,12500,400,2500
33,-1,-1,0,1,3,1,WeaponAccuracy,0,30000,1300,6000
34,-1,-1,0,1,4,1,WeaponAccuracy,0,73500,4000,14700
35,-1,-1,0,1,5,1,WeaponAccuracy,0.2,194500,12100,38900
36,-1,-1,0,1,6,1,WeaponAccuracy,0,583500,36400,116700
37,-1,-1,0,1,1,2,WeaponAccuracy,0.05,500,100,100
38,-1,-1,0,1,2,2,WeaponAccuracy,0.05,12500,400,2500
39,-1,-1,0,1,3,2,WeaponAccuracy,0.07,30000,1300,6000
40,-1,-1,0,1,4,2,WeaponAccuracy,0.1,73500,4000,14700
41,-1,-1,0,1,5,2,WeaponAccuracy,0.2,194500,12100,38900
42,-1,-1,0,1,6,2,WeaponAccuracy,0.15,583500,36400,116700
43,-1,-1,0,2,1,0,WeaponDamage,0,500,100,100
44,-1,-1,0,2,2,0,WeaponDamage,0,12500,400,2500
45,-1,-1,0,2,3,0,WeaponDamage,0,30000,1300,6000
46,-1,-1,0,2,4,0,WeaponDamage,0,73500,4000,14700
47,-1,-1,0,2,5,0,WeaponDamage,60,194500,12100,38900
48,-1,-1,0,2,6,0,WeaponDamage,0,583500,36400,116700
49,-1,-1,0,2,1,1,WeaponDamage,0,500,100,100
50,-1,-1,0,2,2,1,WeaponDamage,0,12500,400,2500
51,-1,-1,0,2,3,1,WeaponDamage,0,30000,1300,6000
52,-1,-1,0,2,4,1,WeaponDamage,20,73500,4000,14700
53,-1,-1,0,2,5,1,WeaponDamage,60,194500,12100,38900
54,-1,-1,0,2,6,1,WeaponDamage,0,583500,36400,116700
55,-1,-1,0,2,1,2,WeaponDamage,15,500,100,100
56,-1,-1,0,2,2,2,WeaponDamage,15,12500,400,2500
57,-1,-1,0,2,3,2,WeaponDamage,30,30000,1300,6000
58,-1,-1,0,2,4,2,WeaponDamage,40,73500,4000,14700
59,-1,-1,0,2,5,2,WeaponDamage,60,194500,12100,38900
60,-1,-1,0,2,6,2,WeaponDamage,60,583500,36400,116700
61,-1,-1,0,3,1,0,WeaponMagazineSize,1,500,100,100
62,-1,-1,0,3,2,0,WeaponMagazineSize,1,12500,400,2500
63,-1,-1,0,3,3,0,WeaponMagazineSize,2,30000,1300,6000
64,-1,-1,0,3,4,0,WeaponMagazineSize,3,73500,4000,14700
65,-1,-1,0,3,5,0,WeaponMagazineSize,5,194500,12100,38900
66,-1,-1,0,3,6,0,WeaponMagazineSize,5,583500,36400,116700
67,-1,-1,0,3,1,1,WeaponDamage,40,500,100,100
68,-1,-1,0,3,2,1,WeaponDamage,40,12500,400,2500
69,-1,-1,0,3,3,1,WeaponDamage,50,30000,1300,6000
70,-1,-1,0,3,4,1,WeaponDamage,60,73500,4000,14700
71,-1,-1,0,3,5,1,WeaponDamage,80,194500,12100,38900
72,-1,-1,0,3,6,1,WeaponDamage,80,583500,36400,116700
73,-1,-1,0,3,1,1,WeaponMagazineSize,-2,500,100,100
74,-1,-1,0,3,2,1,WeaponMagazineSize,-2,12500,400,2500
75,-1,-1,0,3,3,1,WeaponMagazineSize,-2,30000,1300,6000
76,-1,-1,0,3,4,1,WeaponMagazineSize,-2,73500,4000,14700
77,-1,-1,0,3,5,1,WeaponMagazineSize,2,194500,12100,38900
78,-1,-1,0,3,6,1,WeaponMagazineSize,-2,583500,36400,116700
79,-1,-1,0,3,1,2,WeaponMagazineSize,0,500,100,100
80,-1,-1,0,3,2,2,WeaponMagazineSize,0,12500,400,2500
81,-1,-1,0,3,3,2,WeaponMagazineSize,1,30000,1300,6000
82,-1,-1,0,3,4,2,WeaponMagazineSize,1,73500,4000,14700
83,-1,-1,0,3,5,2,WeaponMagazineSize,3,194500,12100,38900
84,-1,-1,0,3,6,2,WeaponMagazineSize,2,583500,36400,116700
85,-1,-1,0,3,1,2,WeaponAccuracy,0.03,500,100,100
86,-1,-1,0,3,2,2,WeaponAccuracy,0.03,12500,400,2500
87,-1,-1,0,3,3,2,WeaponAccuracy,0.05,30000,1300,6000
88,-1,-1,0,3,4,2,WeaponAccuracy,0.07,73500,4000,14700
89,-1,-1,0,3,5,2,WeaponAccuracy,0.1,194500,12100,38900
90,-1,-1,0,3,6,2,WeaponAccuracy,0.1,583500,36400,116700
91,-1,-1,16,0,1,0,WeaponCritChance,0,500,100,100
92,-1,-1,16,0,2,0,WeaponCritChance,0,12500,400,2500
93,-1,-1,16,0,3,0,WeaponCritChance,0,30000,1300,6000
94,-1,-1,16,0,4,0,WeaponCritChance,0,73500,4000,14700
95,-1,-1,16,0,5,0,WeaponCritChance,10,194500,12100,38900
96,-1,-1,16,0,6,0,WeaponCritChance,0,583500,36400,116700
97,-1,-1,16,0,1,1,WeaponCritChance,0,500,100,100
98,-1,-1,16,0,2,1,WeaponCritChance,0,12500,400,2500
99,-1,-1,16,0,3,1,WeaponCritChance,0,30000,1300,6000
100,-1,-1,16,0,4,1,WeaponCritChance,0,73500,4000,14700
101,-1,-1,16,0,5,1,WeaponCritChance,10,194500,12100,38900
102,-1,-1,16,0,6,1,WeaponCritChance,0,583500,36400,116700
103,-1,-1,16,0,1,2,WeaponCritChance,5,500,100,100
104,-1,-1,16,0,2,2,WeaponCritChance,5,12500,400,2500
105,-1,-1,16,0,3,2,WeaponCritChance,7,30000,1300,6000
106,-1,-1,16,0,4,2,WeaponCritChance,10,73500,4000,14700
107,-1,-1,16,0,5,2,WeaponCritChance,15,194500,12100,38900
108,-1,-1,16,0,6,2,WeaponCritChance,15,583500,36400,116700
109,-1,-1,16,1,1,0,WeaponAccuracy,0,500,100,100
110,-1,-1,16,1,2,0,WeaponAccuracy,0,12500,400,2500
111,-1,-1,16,1,3,0,WeaponAccuracy,0,30000,1300,6000
112,-1,-1,16,1,4,0,WeaponAccuracy,0,73500,4000,14700
113,-1,-1,16,1,5,0,WeaponAccuracy,0.2,194500,12100,38900
114,-1,-1,16,1,6,0,WeaponAccuracy,0,583500,36400,116700
115,-1,-1,16,1,1,1,WeaponCritDamageMultiplier,0.5,500,100,100
116,-1,-1,16,1,2,1,WeaponCritDamageMultiplier,0.75,12500,400,2500
117,-1,-1,16,1,3,1,WeaponCritDamageMultiplier,0.75,30000,1300,6000
118,-1,-1,16,1,4,1,WeaponCritDamageMultiplier,1,73500,4000,14700
119,-1,-1,16,1,5,1,WeaponCritDamageMultiplier,0.25,194500,12100,38900
120,-1,-1,16,1,6,1,WeaponCritDamageMultiplier,1.5,583500,36400,116700
121,-1,-1,16,1,1,2,WeaponAccuracy,0.05,500,100,100
122,-1,-1,16,1,2,2,WeaponAccuracy,0.05,12500,400,2500
123,-1,-1,16,1,3,2,WeaponAccuracy,0.07,30000,1300,6000
124,-1,-1,16,1,4,2,WeaponAccuracy,0.1,73500,4000,14700
125,-1,-1,16,1,5,2,WeaponAccuracy,0.2,194500,12100,38900
126,-1,-1,16,1,6,2,WeaponAccuracy,0.15,583500,36400,116700
127,-1,-1,16,2,1,0,WeaponDamage,0,500,100,100
128,-1,-1,16,2,2,0,WeaponDamage,0,12500,400,2500
129,-1,-1,16,2,3,0,WeaponDamage,0,30000,1300,6000
130,-1,-1,16,2,4,0,WeaponDamage,20,73500,4000,14700
131,-1,-1,16,2,5,0,WeaponDamage,60,194500,12100,38900
132,-1,-1,16,2,6,0,WeaponDamage,30,583500,36400,116700
133,-1,-1,16,2,1,1,WeaponDamage,0,500,100,100
134,-1,-1,16,2,2,1,WeaponDamage,0,12500,400,2500
135,-1,-1,16,2,3,1,WeaponDamage,0,30000,1300,6000
136,-1,-1,16,2,4,1,WeaponDamage,0,73500,4000,14700
137,-1,-1,16,2,5,1,WeaponDamage,60,194500,12100,38900
138,-1,-1,16,2,6,1,WeaponDamage,0,583500,36400,116700
139,-1,-1,16,2,1,2,WeaponDamage,15,500,100,100
140,-1,-1,16,2,2,2,WeaponDamage,15,12500,400,2500
141,-1,-1,16,2,3,2,WeaponDamage,30,30000,1300,6000
142,-1,-1,16,2,4,2,WeaponDamage,40,73500,4000,14700
143,-1,-1,16,2,5,2,WeaponDamage,60,194500,12100,38900
144,-1,-1,16,2,6,2,WeaponDamage,60,583500,36400,116700
145,-1,-1,16,2,1,2,WeaponCritChance,0,500,100,100
146,-1,-1,16,2,2,2,WeaponCritChance,0,12500,400,2500
147,-1,-1,16,2,3,2,WeaponCritChance,0,30000,1300,6000
148,-1,-1,16,2,4,2,WeaponCritChance,0,73500,4000,14700
149,-1,-1,16,2,5,2,WeaponCritChance,10,194500,12100,38900
150,-1,-1,16,2,6,2,WeaponCritChance,10,583500,36400,116700
151,-1,-1,16,3,1,0,WeaponMagazineSize,0,500,100,100
152,-1,-1,16,3,2,0,WeaponMagazineSize,0,12500,400,2500
153,-1,-1,16,3,3,0,WeaponMagazineSize,0,30000,1300,6000
154,-1,-1,16,3,4,0,WeaponMagazineSize,0,73500,4000,14700
155,-1,-1,16,3,5,0,WeaponMagazineSize,5,194500,12100,38900
156,-1,-1,16,3,6,0,WeaponMagazineSize,0,583500,36400,116700
157,-1,-1,16,3,1,1,WeaponMagazineSize,-1,500,100,100
158,-1,-1,16,3,2,1,WeaponMagazineSize,-1,12500,400,2500
159,-1,-1,16,3,3,1,WeaponMagazineSize,-1,30000,1300,6000
160,-1,-1,16,3,4,1,WeaponMagazineSize,-1,73500,4000,14700
161,-1,-1,16,3,5,1,WeaponMagazineSize,3,194500,12100,38900
162,-1,-1,16,3,6,1,WeaponMagazineSize,-1,583500,36400,116700
163,-1,-1,16,3,1,1,WeaponAccuracy,0.07,500,100,100
164,-1,-1,16,3,2,1,WeaponAccuracy,0.07,12500,400,2500
165,-1,-1,16,3,3,1,WeaponAccuracy,0.1,30000,1300,6000
166,-1,-1,16,3,4,1,WeaponAccuracy,0.13,73500,4000,14700
167,-1,-1,16,3,5,1,WeaponAccuracy,0.15,194500,12100,38900
168,-1,-1,16,3,6,1,WeaponAccuracy,0.18,583500,36400,116700
169,-1,-1,16,3,1,2,WeaponMagazineSize,1,500,100,100
170,-1,-1,16,3,2,2,WeaponMagazineSize,1,12500,400,2500
171,-1,-1,16,3,3,2,WeaponMagazineSize,1,30000,1300,6000
172,-1,-1,16,3,4,2,WeaponMagazineSize,1,73500,4000,14700
173,-1,-1,16,3,5,2,WeaponMagazineSize,3,194500,12100,38900
174,-1,-1,16,3,6,2,WeaponMagazineSize,2,583500,36400,116700
175,-1,-1,16,3,1,2,WeaponDamage,0,500,100,100
176,-1,-1,16,3,2,2,WeaponDamage,0,12500,400,2500
177,-1,-1,16,3,3,2,WeaponDamage,15,30000,1300,6000
178,-1,-1,16,3,4,2,WeaponDamage,30,73500,4000,14700
179,-1,-1,16,3,5,2,WeaponDamage,40,194500,12100,38900
180,-1,-1,16,3,6,2,WeaponDamage,40,583500,36400,116700
181,-1,-1,1,0,1,0,WeaponAccuracy,0,500,100,100
182,-1,-1,1,0,2,0,WeaponAccuracy,0,12500,400,2500
183,-1,-1,1,0,3,0,WeaponAccuracy,0,30000,1300,6000
184,-1,-1,1,0,4,0,WeaponAccuracy,0,73500,4000,14700
185,-1,-1,1,0,5,0,WeaponAccuracy,0.2,194500,12100,38900
186,-1,-1,1,0,6,0,WeaponAccuracy,0,583500,36400,116700
187,-1,-1,1,0,1,1,WeaponDamage,0,500,100,100
188,-1,-1,1,0,2,1,WeaponDamage,0,12500,400,2500
189,-1,-1,1,0,3,1,WeaponDamage,10,30000,1300,6000
190,-1,-1,1,0,4,1,WeaponDamage,20,73500,4000,14700
191,-1,-1,1,0,5,1,WeaponDamage,30,194500,12100,38900
192,-1,-1,1,0,6,1,WeaponDamage,30,583500,36400,116700
193,-1,-1,1,0,1,2,WeaponAccuracy,0.03,500,100,100
194,-1,-1,1,0,2,2,WeaponAccuracy,0.03,12500,400,2500
195,-1,-1,1,0,3,2,WeaponAccuracy,0.05,30000,1300,6000
196,-1,-1,1,0,4,2,WeaponAccuracy,0.07,73500,4000,14700
197,-1,-1,1,0,5,2,WeaponAccuracy,0.2,194500,12100,38900
198,-1,-1,1,0,6,2,WeaponAccuracy,0.1,583500,36400,116700
199,-1,-1,1,0,1,2,WeaponCritChance,0,500,100,100
200,-1,-1,1,0,2,2,WeaponCritChance,0,12500,400,2500
201,-1,-1,1,0,3,2,WeaponCritChance,0,30000,1300,6000
202,-1,-1,1,0,4,2,WeaponCritChance,0,73500,4000,14700
203,-1,-1,1,0,5,2,WeaponCritChance,10,194500,12100,38900
204,-1,-1,1,0,6,2,WeaponCritChance,5,583500,36400,116700
205,-1,-1,1,1,1,0,WeaponAccuracy,0,500,100,100
206,-1,-1,1,1,2,0,WeaponAccuracy,0,12500,400,2500
207,-1,-1,1,1,3,0,WeaponAccuracy,0,30000,1300,6000
208,-1,-1,1,1,4,0,WeaponAccuracy,0,73500,4000,14700
209,-1,-1,1,1,5,0,WeaponAccuracy,0.2,194500,12100,38900
210,-1,-1,1,1,6,0,WeaponAccuracy,0,583500,36400,116700
211,-1,-1,1,1,1,1,WeaponAccuracy,0,500,100,100
212,-1,-1,1,1,2,1,WeaponAccuracy,0,12500,400,2500
213,-1,-1,1,1,3,1,WeaponAccuracy,0,30000,1300,6000
214,-1,-1,1,1,4,1,WeaponAccuracy,0,73500,4000,14700
215,-1,-1,1,1,5,1,WeaponAccuracy,0.2,194500,12100,38900
216,-1,-1,1,1,6,1,WeaponAccuracy,0,583500,36400,116700
217,-1,-1,1,1,1,2,WeaponAccuracy,0.03,500,100,100
218,-1,-1,1,1,2,2,WeaponAccuracy,0.03,12500,400,2500
219,-1,-1,1,1,3,2,WeaponAccuracy,0.05,30000,1300,6000
220,-1,-1,1,1,4,2,WeaponAccuracy,0.07,73500,4000,14700
221,-1,-1,1,1,5,2,WeaponAccuracy,0.2,194500,12100,38900
222,-1,-1,1,1,6,2,WeaponAccuracy,0.1,583500,36400,116700
223,-1,-1,1,1,1,2,WeaponCritChance,0,500,100,100
224,-1,-1,1,1,2,2,WeaponCritChance,0,12500,400,2500
225,-1,-1,1,1,3,2,WeaponCritChance,0,30000,1300,6000
226,-1,-1,1,1,4,2,WeaponCritChance,0,73500,4000,14700
227,-1,-1,1,1,5,2,WeaponCritChance,10,194500,12100,38900
228,-1,-1,1,1,6,2,WeaponCritChance,5,583500,36400,116700
229,-1,-1,1,2,1,0,MovementAllowance,0,500,100,100
230,-1,-1,1,2,2,0,MovementAllowance,0,12500,400,2500
231,-1,-1,1,2,3,0,MovementAllowance,0,30000,1300,6000
232,-1,-1,1,2,4,0,MovementAllowance,1,73500,4000,14700
233,-1,-1,1,2,5,0,MovementAllowance,1,194500,12100,38900
234,-1,-1,1,2,6,0,MovementAllowance,1,583500,36400,116700
235,-1,-1,1,2,1,1,WeaponDamage,0,500,100,100
236,-1,-1,1,2,2,1,WeaponDamage,0,12500,400,2500
237,-1,-1,1,2,3,1,WeaponDamage,0,30000,1300,6000
238,-1,-1,1,2,4,1,WeaponDamage,0,73500,4000,14700
239,-1,-1,1,2,5,1,WeaponDamage,60,194500,12100,38900
240,-1,-1,1,2,6,1,WeaponDamage,0,583500,36400,116700
241,-1,-1,1,2,1,2,WeaponDamage,15,500,100,100
242,-1,-1,1,2,2,2,WeaponDamage,15,12500,400,2500
243,-1,-1,1,2,3,2,WeaponDamage,30,30000,1300,6000
244,-1,-1,1,2,4,2,WeaponDamage,40,73500,4000,14700
245,-1,-1,1,2,5,2,WeaponDamage,60,194500,12100,38900
246,-1,-1,1,2,6,2,WeaponDamage,60,583500,36400,116700
247,-1,-1,1,2,1,2,WeaponCritDamageMultiplier,0,500,100,100
248,-1,-1,1,2,2,2,WeaponCritDamageMultiplier,0,12500,400,2500
249,-1,-1,1,2,3,2,WeaponCritDamageMultiplier,0,30000,1300,6000
250,-1,-1,1,2,4,2,WeaponCritDamageMultiplier,0,73500,4000,14700
251,-1,-1,1,2,5,2,WeaponCritDamageMultiplier,0.25,194500,12100,38900
252,-1,-1,1,2,6,2,WeaponCritDamageMultiplier,0.25,583500,36400,116700
253,-1,-1,1,3,1,0,WeaponCritChance,0,500,100,100
254,-1,-1,1,3,2,0,WeaponCritChance,0,12500,400,2500
255,-1,-1,1,3,3,0,WeaponCritChance,0,30000,1300,6000
256,-1,-1,1,3,4,0,WeaponCritChance,0,73500,4000,14700
257,-1,-1,1,3,5,0,WeaponCritChance,10,194500,12100,38900
258,-1,-1,1,3,6,0,WeaponCritChance,0,583500,36400,116700
259,-1,-1,1,3,1,1,WeaponMagazineSize,-1,500,100,100
260,-1,-1,1,3,2,1,WeaponMagazineSize,-1,12500,400,2500
261,-1,-1,1,3,3,1,WeaponMagazineSize,-1,30000,1300,6000
262,-1,-1,1,3,4,1,WeaponMagazineSize,-1,73500,4000,14700
263,-1,-1,1,3,5,1,WeaponMagazineSize,3,194500,12100,38900
264,-1,-1,1,3,6,1,WeaponMagazineSize,-1,583500,36400,116700
265,-1,-1,1,3,1,1,WeaponAccuracy,0,500,100,100
266,-1,-1,1,3,2,1,WeaponAccuracy,0,12500,400,2500
267,-1,-1,1,3,3,1,WeaponAccuracy,0,30000,1300,6000
268,-1,-1,1,3,4,1,WeaponAccuracy,0.13,73500,4000,14700
269,-1,-1,1,3,5,1,WeaponAccuracy,0.15,194500,12100,38900
270,-1,-1,1,3,6,1,WeaponAccuracy,0.18,583500,36400,116700
271,-1,-1,1,3,1,2,WeaponMagazineSize,1,500,100,100
272,-1,-1,1,3,2,2,WeaponMagazineSize,1,12500,400,2500
273,-1,-1,1,3,3,2,WeaponMagazineSize,1,30000,1300,6000
274,-1,-1,1,3,4,2,WeaponMagazineSize,1,73500,4000,14700
275,-1,-1,1,3,5,2,WeaponMagazineSize,3,194500,12100,38900
276,-1,-1,1,3,6,2,WeaponMagazineSize,2,583500,36400,116700
277,-1,-1,1,3,1,2,WeaponDamage,0,500,100,100
278,-1,-1,1,3,2,2,WeaponDamage,0,12500,400,2500
279,-1,-1,1,3,3,2,WeaponDamage,15,30000,1300,6000
280,-1,-1,1,3,4,2,WeaponDamage,30,73500,4000,14700
281,-1,-1,1,3,5,2,WeaponDamage,40,194500,12100,38900
282,-1,-1,1,3,6,2,WeaponDamage,40,583500,36400,116700
283,-1,-1,8,0,1,0,WeaponDamage,0,500,100,100
284,-1,-1,8,0,2,0,WeaponDamage,0,12500,400,2500
285,-1,-1,8,0,3,0,WeaponDamage,0,30000,1300,6000
286,-1,-1,8,0,4,0,WeaponDamage,0,73500,4000,14700
287,-1,-1,8,0,5,0,WeaponDamage,0,194500,12100,38900
288,-1,-1,8,0,6,0,WeaponDamage,0,583500,36400,116700
289,-1,-1,8,0,1,1,WeaponDamage,0,500,100,100
290,-1,-1,8,0,2,1,WeaponDamage,0,12500,400,2500
291,-1,-1,8,0,3,1,WeaponDamage,0,30000,1300,6000
292,-1,-1,8,0,4,1,WeaponDamage,0,73500,4000,14700
293,-1,-1,8,0,5,1,WeaponDamage,0,194500,12100,38900
294,-1,-1,8,0,6,1,WeaponDamage,0,583500,36400,116700
295,-1,-1,8,0,1,2,WeaponDamage,15,500,100,100
296,-1,-1,8,0,2,2,WeaponDamage,15,12500,400,2500
297,-1,-1,8,0,3,2,WeaponDamage,30,30000,1300,6000
298,-1,-1,8,0,4,2,WeaponDamage,40,73500,4000,14700
299,-1,-1,8,0,5,2,WeaponDamage,60,194500,12100,38900
300,-1,-1,8,0,6,2,WeaponDamage,60,583500,36400,116700
301,-1,-1,8,0,1,2,WeaponCritChance,0,500,100,100
302,-1,-1,8,0,2,2,WeaponCritChance,0,12500,400,2500
303,-1,-1,8,0,3,2,WeaponCritChance,0,30000,1300,6000
304,-1,-1,8,0,4,2,WeaponCritChance,0,73500,4000,14700
305,-1,-1,8,0,5,2,WeaponCritChance,10,194500,12100,38900
306,-1,-1,8,0,6,2,WeaponCritChance,10,583500,36400,116700
307,-1,-1,8,1,1,0,WeaponCritDamageMultiplier,0,500,100,100
308,-1,-1,8,1,2,0,WeaponCritDamageMultiplier,0,12500,400,2500
309,-1,-1,8,1,3,0,WeaponCritDamageMultiplier,0,30000,1300,6000
310,-1,-1,8,1,4,0,WeaponCritDamageMultiplier,1,73500,4000,14700
311,-1,-1,8,1,5,0,WeaponCritDamageMultiplier,0.25,194500,12100,38900
312,-1,-1,8,1,6,0,WeaponCritDamageMultiplier,1.5,583500,36400,116700
313,-1,-1,8,1,1,0,MovementAllowance,0,500,100,100
314,-1,-1,8,1,2,0,MovementAllowance,0,12500,400,2500
315,-1,-1,8,1,3,0,MovementAllowance,0,30000,1300,6000
316,-1,-1,8,1,4,0,MovementAllowance,-1,73500,4000,14700
317,-1,-1,8,1,5,0,MovementAllowance,-1,194500,12100,38900
318,-1,-1,8,1,6,0,MovementAllowance,-1,583500,36400,116700
319,-1,-1,8,1,1,1,WeaponAccuracy,0,500,100,100
320,-1,-1,8,1,2,1,WeaponAccuracy,0,12500,400,2500
321,-1,-1,8,1,3,1,WeaponAccuracy,0,30000,1300,6000
322,-1,-1,8,1,4,1,WeaponAccuracy,0,73500,4000,14700
323,-1,-1,8,1,5,1,WeaponAccuracy,0.2,194500,12100,38900
324,-1,-1,8,1,6,1,WeaponAccuracy,0,583500,36400,116700
325,-1,-1,8,1,1,2,WeaponAccuracy,0.05,500,100,100
326,-1,-1,8,1,2,2,WeaponAccuracy,0.05,12500,400,2500
327,-1,-1,8,1,3,2,WeaponAccuracy,0.07,30000,1300,6000
328,-1,-1,8,1,4,2,WeaponAccuracy,0.1,73500,4000,14700
329,-1,-1,8,1,5,2,WeaponAccuracy,0.2,194500,12100,38900
330,-1,-1,8,1,6,2,WeaponAccuracy,0.15,583500,36400,116700
331,-1,-1,8,2,1,0,WeaponDamage,0,500,100,100
332,-1,-1,8,2,2,0,WeaponDamage,0,12500,400,2500
333,-1,-1,8,2,3,0,WeaponDamage,0,30000,1300,6000
334,-1,-1,8,2,4,0,WeaponDamage,0,73500,4000,14700
335,-1,-1,8,2,5,0,WeaponDamage,60,194500,12100,38900
336,-1,-1,8,2,6,0,WeaponDamage,0,583500,36400,116700
337,-1,-1,8,2,1,1,WeaponDamage,0,500,100,100
338,-1,-1,8,2,2,1,WeaponDamage,0,12500,400,2500
339,-1,-1,8,2,3,1,WeaponDamage,10,30000,1300,6000
340,-1,-1,8,2,4,1,WeaponDamage,20,73500,4000,14700
341,-1,-1,8,2,5,1,WeaponDamage,60,194500,12100,38900
342,-1,-1,8,2,6,1,WeaponDamage,30,583500,36400,116700
343,-1,-1,8,2,1,2,WeaponDamage,15,500,100,100
344,-1,-1,8,2,2,2,WeaponDamage,15,12500,400,2500
345,-1,-1,8,2,3,2,WeaponDamage,30,30000,1300,6000
346,-1,-1,8,2,4,2,WeaponDamage,40,73500,4000,14700
347,-1,-1,8,2,5,2,WeaponDamage,60,194500,12100,38900
348,-1,-1,8,2,6,2,WeaponDamage,60,583500,36400,116700
349,-1,-1,8,2,1,2,WeaponCritChance,0,500,100,100
350,-1,-1,8,2,2,2,WeaponCritChance,0,12500,400,2500
351,-1,-1,8,2,3,2,WeaponCritChance,0,30000,1300,6000
352,-1,-1,8,2,4,2,WeaponCritChance,0,73500,4000,14700
353,-1,-1,8,2,5,2,WeaponCritChance,10,194500,12100,38900
354,-1,-1,8,2,6,2,WeaponCritChance,10,583500,36400,116700
355,-1,-1,8,3,1,0,WeaponCritChance,0,500,100,100
356,-1,-1,8,3,2,0,WeaponCritChance,0,12500,400,2500
357,-1,-1,8,3,3,0,WeaponCritChance,0,30000,1300,6000
358,-1,-1,8,3,4,0,WeaponCritChance,0,73500,4000,14700
359,-1,-1,8,3,5,0,WeaponCritChance,10,194500,12100,38900
360,-1,-1,8,3,6,0,WeaponCritChance,0,583500,36400,116700
361,-1,-1,8,3,1,1,WeaponCritChance,0,500,100,100
362,-1,-1,8,3,2,1,WeaponCritChance,0,12500,400,2500
363,-1,-1,8,3,3,1,WeaponCritChance,0,30000,1300,6000
364,-1,-1,8,3,4,1,WeaponCritChance,0,73500,4000,14700
365,-1,-1,8,3,5,1,WeaponCritChance,10,194500,12100,38900
366,-1,-1,8,3,6,1,WeaponCritChance,0,583500,36400,116700
367,-1,-1,8,3,1,2,WeaponMagazineSize,1,500,100,100
368,-1,-1,8,3,2,2,WeaponMagazineSize,1,12500,400,2500
369,-1,-1,8,3,3,2,WeaponMagazineSize,2,30000,1300,6000
370,-1,-1,8,3,4,2,WeaponMagazineSize,3,73500,4000,14700
371,-1,-1,8,3,5,2,WeaponMagazineSize,5,194500,12100,38900
372,-1,-1,8,3,6,2,WeaponMagazineSize,5,583500,36400,116700
373,-1,-1,4,0,1,0,WeaponAccuracy,0.1,500,100,100
374,-1,-1,4,0,2,0,WeaponAccuracy,0.1,12500,400,2500
375,-1,-1,4,0,3,0,WeaponAccuracy,0.12,30000,1300,6000
376,-1,-1,4,0,4,0,WeaponAccuracy,0.15,73500,4000,14700
377,-1,-1,4,0,5,0,WeaponAccuracy,0.15,194500,12100,38900
378,-1,-1,4,0,6,0,WeaponAccuracy,0.18,583500,36400,116700
379,-1,-1,4,0,1,0,WeaponDamage,-40,500,100,100
380,-1,-1,4,0,2,0,WeaponDamage,-40,12500,400,2500
381,-1,-1,4,0,3,0,WeaponDamage,-40,30000,1300,6000
382,-1,-1,4,0,4,0,WeaponDamage,-40,73500,4000,14700
383,-1,-1,4,0,5,0,WeaponDamage,-40,194500,12100,38900
384,-1,-1,4,0,6,0,WeaponDamage,-40,583500,36400,116700
385,-1,-1,4,0,1,1,WeaponCritDamageMultiplier,0,500,100,100
386,-1,-1,4,0,2,1,WeaponCritDamageMultiplier,0,12500,400,2500
387,-1,-1,4,0,3,1,WeaponCritDamageMultiplier,0,30000,1300,6000
388,-1,-1,4,0,4,1,WeaponCritDamageMultiplier,0,73500,4000,14700
389,-1,-1,4,0,5,1,WeaponCritDamageMultiplier,0.25,194500,12100,38900
390,-1,-1,4,0,6,1,WeaponCritDamageMultiplier,0,583500,36400,116700
391,-1,-1,4,0,1,2,WeaponCritDamageMultiplier,0.3,500,100,100
392,-1,-1,4,0,2,2,WeaponCritDamageMultiplier,0.3,12500,400,2500
393,-1,-1,4,0,3,2,WeaponCritDamageMultiplier,0.4,30000,1300,6000
394,-1,-1,4,0,4,2,WeaponCritDamageMultiplier,0.5,73500,4000,14700
395,-1,-1,4,0,5,2,WeaponCritDamageMultiplier,0.25,194500,12100,38900
396,-1,-1,4,0,6,2,WeaponCritDamageMultiplier,1,583500,36400,116700
397,-1,-1,4,1,1,0,WeaponAccuracy,0,500,100,100
398,-1,-1,4,1,2,0,WeaponAccuracy,0,12500,400,2500
399,-1,-1,4,1,3,0,WeaponAccuracy,0,30000,1300,6000
400,-1,-1,4,1,4,0,WeaponAccuracy,0,73500,4000,14700
401,-1,-1,4,1,5,0,WeaponAccuracy,0.2,194500,12100,38900
402,-1,-1,4,1,6,0,WeaponAccuracy,0,583500,36400,116700
403,-1,-1,4,1,1,1,WeaponDamage,0,500,100,100
404,-1,-1,4,1,2,1,WeaponDamage,0,12500,400,2500
405,-1,-1,4,1,3,1,WeaponDamage,0,30000,1300,6000
406,-1,-1,4,1,4,1,WeaponDamage,65,73500,4000,14700
407,-1,-1,4,1,5,1,WeaponDamage,90,194500,12100,38900
408,-1,-1,4,1,6,1,WeaponDamage,90,583500,36400,116700
409,-1,-1,4,1,1,1,WeaponCritChance,0,500,100,100
410,-1,-1,4,1,2,1,WeaponCritChance,0,12500,400,2500
411,-1,-1,4,1,3,1,WeaponCritChance,0,30000,1300,6000
412,-1,-1,4,1,4,1,WeaponCritChance,-15,73500,4000,14700
413,-1,-1,4,1,5,1,WeaponCritChance,10,194500,12100,38900
414,-1,-1,4,1,6,1,WeaponCritChance,-15,583500,36400,116700
415,-1,-1,4,1,1,2,WeaponAccuracy,0.05,500,100,100
416,-1,-1,4,1,2,2,WeaponAccuracy,0.05,12500,400,2500
417,-1,-1,4,1,3,2,WeaponAccuracy,0.07,30000,1300,6000
418,-1,-1,4,1,4,2,WeaponAccuracy,0.1,73500,4000,14700
419,-1,-1,4,1,5,2,WeaponAccuracy,0.2,194500,12100,38900
420,-1,-1,4,1,6,2,WeaponAccuracy,0.15,583500,36400,116700
421,-1,-1,4,1,1,2,WeaponCritChance,0,500,100,100
422,-1,-1,4,1,2,2,WeaponCritChance,0,12500,400,2500
423,-1,-1,4,1,3,2,WeaponCritChance,0,30000,1300,6000
424,-1,-1,4,1,4,2,WeaponCritChance,0,73500,4000,14700
425,-1,-1,4,1,5,2,WeaponCritChance,10,194500,12100,38900
426,-1,-1,4,1,6,2,WeaponCritChance,10,583500,36400,116700
427,-1,-1,4,2,1,0,WeaponDamage,0,500,100,100
428,-1,-1,4,2,2,0,WeaponDamage,0,12500,400,2500
429,-1,-1,4,2,3,0,WeaponDamage,0,30000,1300,6000
430,-1,-1,4,2,4,0,WeaponDamage,0,73500,4000,14700
431,-1,-1,4,2,5,0,WeaponDamage,60,194500,12100,38900
432,-1,-1,4,2,6,0,WeaponDamage,0,583500,36400,116700
433,-1,-1,4,2,1,1,WeaponDamage,0,500,100,100
434,-1,-1,4,2,2,1,WeaponDamage,0,12500,400,2500
435,-1,-1,4,2,3,1,WeaponDamage,0,30000,1300,6000
436,-1,-1,4,2,4,1,WeaponDamage,0,73500,4000,14700
437,-1,-1,4,2,5,1,WeaponDamage,60,194500,12100,38900
438,-1,-1,4,2,6,1,WeaponDamage,0,583500,36400,116700
439,-1,-1,4,2,1,2,WeaponDamage,15,500,100,100
440,-1,-1,4,2,2,2,WeaponDamage,15,12500,400,2500
441,-1,-1,4,2,3,2,WeaponDamage,30,30000,1300,6000
442,-1,-1,4,2,4,2,WeaponDamage,40,73500,4000,14700
443,-1,-1,4,2,5,2,WeaponDamage,60,194500,12100,38900
444,-1,-1,4,2,6,2,WeaponDamage,60,583500,36400,116700
445,-1,-1,4,2,1,2,WeaponCritDamageMultiplier,0,500,100,100
446,-1,-1,4,2,2,2,WeaponCritDamageMultiplier,0,12500,400,2500
447,-1,-1,4,2,3,2,WeaponCritDamageMultiplier,0,30000,1300,6000
448,-1,-1,4,2,4,2,WeaponCritDamageMultiplier,0,73500,4000,14700
449,-1,-1,4,2,5,2,WeaponCritDamageMultiplier,0.25,194500,12100,38900
450,-1,-1,4,2,6,2,WeaponCritDamageMultiplier,0.25,583500,36400,116700
451,-1,-1,4,3,1,0,WeaponMagazineSize,-2,500,100,100
452,-1,-1,4,3,2,0,WeaponMagazineSize,-2,12500,400,2500
453,-1,-1,4,3,3,0,WeaponMagazineSize,-2,30000,1300,6000
454,-1,-1,4,3,4,0,WeaponMagazineSize,-2,73500,4000,14700
455,-1,-1,4,3,5,0,WeaponMagazineSize,2,194500,12100,38900
456,-1,-1,4,3,6,0,WeaponMagazineSize,-2,583500,36400,116700
457,-1,-1,4,3,1,0,WeaponDamage,0,500,100,100
458,-1,-1,4,3,2,0,WeaponDamage,0,12500,400,2500
459,-1,-1,4,3,3,0,WeaponDamage,0,30000,1300,6000
460,-1,-1,4,3,4,0,WeaponDamage,60,73500,4000,14700
461,-1,-1,4,3,5,0,WeaponDamage,80,194500,12100,38900
462,-1,-1,4,3,6,0,WeaponDamage,80,583500,36400,116700
463,-1,-1,4,3,1,1,WeaponCritChance,0,500,100,100
464,-1,-1,4,3,2,1,WeaponCritChance,0,12500,400,2500
465,-1,-1,4,3,3,1,WeaponCritChance,0,30000,1300,6000
466,-1,-1,4,3,4,1,WeaponCritChance,0,73500,4000,14700
467,-1,-1,4,3,5,1,WeaponCritChance,10,194500,12100,38900
468,-1,-1,4,3,6,1,WeaponCritChance,0,583500,36400,116700
469,-1,-1,4,3,1,2,WeaponCritChance,5,500,100,100
470,-1,-1,4,3,2,2,WeaponCritChance,5,12500,400,2500
471,-1,-1,4,3,3,2,WeaponCritChance,7,30000,1300,6000
472,-1,-1,4,3,4,2,WeaponCritChance,10,73500,4000,14700
473,-1,-1,4,3,5,2,WeaponCritChance,15,194500,12100,38900
474,-1,-1,4,3,6,2,WeaponCritChance,15,583500,36400,116700
475,-1,-1,4,3,1,2,WeaponCritDamageMultiplier,0,500,100,100
476,-1,-1,4,3,2,2,WeaponCritDamageMultiplier,0,12500,400,2500
477,-1,-1,4,3,3,2,WeaponCritDamageMultiplier,0,30000,1300,6000
478,-1,-1,4,3,4,2,WeaponCritDamageMultiplier,0,73500,4000,14700
479,-1,-1,4,3,5,2,WeaponCritDamageMultiplier,0.25,194500,12100,38900
480,-1,-1,4,3,6,2,WeaponCritDamageMultiplier,0.25,583500,36400,116700
481,-1,-1,6,6,1,0,WeaponDamage,15,2000,400,400
482,-1,-1,6,6,2,0,WeaponDamage,25,50000,1600,10000
483,-1,-1,6,6,3,0,WeaponDamage,50,120000,5200,24000
484,-1,-1,6,6,4,0,WeaponDamage,70,294000,16000,58800
485,-1,-1,6,6,5,0,WeaponDamage,100,778000,48400,155600
486,-1,-1,6,6,6,0,WeaponDamage,100,2334000,145600,466800
487,-1,-1,6,6,1,0,WeaponAccuracy,0.05,2000,400,400
488,-1,-1,6,6,2,0,WeaponAccuracy,0.05,50000,1600,10000
489,-1,-1,6,6,3,0,WeaponAccuracy,0.07,120000,5200,24000
490,-1,-1,6,6,4,0,WeaponAccuracy,0.15,294000,16000,58800
491,-1,-1,6,6,5,0,WeaponAccuracy,0.2,778000,48400,155600
492,-1,-1,6,6,6,0,WeaponAccuracy,0.15,2334000,145600,466800
493,-1,-1,7,6,1,1,WeaponDamage,50,2000,400,400
494,-1,-1,7,6,2,1,WeaponDamage,80,50000,1600,10000
495,-1,-1,7,6,3,1,WeaponDamage,135,120000,5200,24000
496,-1,-1,7,6,4,1,WeaponDamage,200,294000,16000,58800
497,-1,-1,7,6,5,1,WeaponDamage,350,778000,48400,155600
498,-1,-1,7,6,6,1,WeaponDamage,150,2334000,145600,466800
499,-1,-1,7,6,1,0,WeaponHealing,25,2000,400,400
500,-1,-1,7,6,2,0,WeaponHealing,75,50000,1600,10000
501,-1,-1,7,6,3,0,WeaponHealing,100,120000,5200,24000
502,-1,-1,7,6,4,0,WeaponHealing,175,294000,16000,58800
503,-1,-1,7,6,5,0,WeaponHealing,225,778000,48400,155600
504,-1,-1,7,6,6,0,WeaponHealing,275,2334000,145600,466800
505,-1,-1,15,6,1,0,WeaponHealing,25,2000,400,400
506,-1,-1,15,6,2,0,WeaponHealing,75,50000,1600,10000
507,-1,-1,15,6,3,0,WeaponHealing,100,120000,5200,24000
508,-1,-1,15,6,4,0,WeaponHealing,175,294000,16000,58800
509,-1,-1,15,6,5,0,WeaponHealing,225,778000,48400,155600
510,-1,-1,15,6,6,0,WeaponHealing,275,2334000,145600,466800
511,-1,-1,15,6,1,1,WeaponDamage,50,2000,400,400
512,-1,-1,15,6,2,1,WeaponDamage,80,50000,1600,10000
513,-1,-1,15,6,3,1,WeaponDamage,135,120000,5200,24000
514,-1,-1,15,6,4,1,WeaponDamage,200,294000,16000,58800
515,-1,-1,15,6,5,1,WeaponDamage,350,778000,48400,155600
516,-1,-1,15,6,6,1,WeaponDamage,150,2334000,145600,466800
517,0,0,-1,-1,1,-1,Health,15,1400,300,280
518,0,0,-1,-1,2,-1,Health,15,36500,1200,7300
519,0,0,-1,-1,3,-1,Health,20,89000,3900,17800
520,0,0,-1,-1,4,-1,Health,30,219500,12000,43900
521,0,0,-1,-1,5,-1,Health,150,583000,36300,116600
522,0,0,-1,-1,6,-1,Health,200,1749000,109200,349800
523,0,0,-1,-1,1,-1,MovementAllowance,0,1400,300,280
524,0,0,-1,-1,2,-1,MovementAllowance,0,36500,1200,7300
525,0,0,-1,-1,3,-1,MovementAllowance,0,89000,3900,17800
526,0,0,-1,-1,4,-1,MovementAllowance,0,219500,12000,43900
527,0,0,-1,-1,5,-1,MovementAllowance,2,583000,36300,116600
528,0,0,-1,-1,6,-1,MovementAllowance,2,1749000,109200,349800
529,1,0,-1,-1,1,-1,Health,15,1400,300,280
530,1,0,-1,-1,2,-1,Health,15,36500,1200,7300
531,1,0,-1,-1,3,-1,Health,20,89000,3900,17800
532,1,0,-1,-1,4,-1,Health,30,219500,12000,43900
533,1,0,-1,-1,5,-1,Health,150,583000,36300,116600
534,1,0,-1,-1,6,-1,Health,200,1749000,109200,349800
535,2,0,-1,-1,1,-1,Health,0,1400,300,280
536,2,0,-1,-1,2,-1,Health,0,36500,1200,7300
537,2,0,-1,-1,3,-1,Health,0,89000,3900,17800
538,2,0,-1,-1,4,-1,Health,0,219500,12000,43900
539,2,0,-1,-1,5,-1,Health,150,583000,36300,116600
540,2,0,-1,-1,6,-1,Health,200,1749000,109200,349800
541,0,1,-1,-1,1,-1,Health,15,1400,300,280
542,0,1,-1,-1,2,-1,Health,15,36500,1200,7300
543,0,1,-1,-1,3,-1,Health,20,89000,3900,17800
544,0,1,-1,-1,4,-1,Health,30,219500,12000,43900
545,0,1,-1,-1,5,-1,Health,150,583000,36300,116600
546,0,1,-1,-1,6,-1,Health,200,1749000,109200,349800
547,1,1,-1,-1,1,-1,Health,15,1400,300,280
548,1,1,-1,-1,2,-1,Health,15,36500,1200,7300
549,1,1,-1,-1,3,-1,Health,20,89000,3900,17800
550,1,1,-1,-1,4,-1,Health,30,219500,12000,43900
551,1,1,-1,-1,5,-1,Health,150,583000,36300,116600
552,1,1,-1,-1,6,-1,Health,200,1749000,109200,349800
553,2,1,-1,-1,1,-1,Health,10,1400,300,280
554,2,1,-1,-1,2,-1,Health,10,36500,1200,7300
555,2,1,-1,-1,3,-1,Health,13,89000,3900,17800
556,2,1,-1,-1,4,-1,Health,16,219500,12000,43900
557,2,1,-1,-1,5,-1,Health,150,583000,36300,116600
558,2,1,-1,-1,6,-1,Health,200,1749000,109200,349800
559,0,2,-1,-1,1,-1,Evasion,0.05,1400,300,280
560,0,2,-1,-1,2,-1,Evasion,0.05,36500,1200,7300
561,0,2,-1,-1,3,-1,Evasion,0.07,89000,3900,17800
562,0,2,-1,-1,4,-1,Evasion,0.1,219500,12000,43900
563,0,2,-1,-1,5,-1,Evasion,0.2,583000,36300,116600
564,0,2,-1,-1,6,-1,Evasion,0.2,1749000,109200,349800
565,1,2,-1,-1,1,-1,Evasion,0.05,1400,300,280
566,1,2,-1,-1,2,-1,Evasion,0.05,36500,1200,7300
567,1,2,-1,-1,3,-1,Evasion,0.07,89000,3900,17800
568,1,2,-1,-1,4,-1,Evasion,0.1,219500,12000,43900
569,1,2,-1,-1,5,-1,Evasion,0.2,583000,36300,116600
570,1,2,-1,-1,6,-1,Evasion,0.2,1749000,109200,349800
571,2,2,-1,-1,1,-1,Evasion,0,1400,300,280
572,2,2,-1,-1,2,-1,Evasion,0,36500,1200,7300
573,2,2,-1,-1,3,-1,Evasion,0,89000,3900,17800
574,2,2,-1,-1,4,-1,Evasion,0,219500,12000,43900
575,2,2,-1,-1,5,-1,Evasion,0,583000,36300,116600
576,2,2,-1,-1,6,-1,Evasion,0,1749000,109200,349800
577,0,3,-1,-1,1,-1,Evasion,0.06,1400,300,280
578,0,3,-1,-1,2,-1,Evasion,0.06,36500,1200,7300
579,0,3,-1,-1,3,-1,Evasion,0.1,89000,3900,17800
580,0,3,-1,-1,4,-1,Evasion,0.14,219500,12000,43900
581,0,3,-1,-1,5,-1,Evasion,0.2,583000,36300,116600
582,0,3,-1,-1,6,-1,Evasion,0.2,1749000,109200,349800
583,1,3,-1,-1,1,-1,Evasion,0.06,1400,300,280
584,1,3,-1,-1,2,-1,Evasion,0.06,36500,1200,7300
585,1,3,-1,-1,3,-1,Evasion,0.1,89000,3900,17800
586,1,3,-1,-1,4,-1,Evasion,0.14,219500,12000,43900
587,1,3,-1,-1,5,-1,Evasion,0.2,583000,36300,116600
588,1,3,-1,-1,6,-1,Evasion,0.2,1749000,109200,349800
589,2,3,-1,-1,1,-1,Evasion,0.03,1400,300,280
590,2,3,-1,-1,2,-1,Evasion,0.03,36500,1200,7300
591,2,3,-1,-1,3,-1,Evasion,0.05,89000,3900,17800
592,2,3,-1,-1,4,-1,Evasion,0.07,219500,12000,43900
593,2,3,-1,-1,5,-1,Evasion,0.1,583000,36300,116600
594,2,3,-1,-1,6,-1,Evasion,0.1,1749000,109200,349800
595,0,4,-1,-1,1,-1,Evasion,0.05,1400,300,280
596,0,4,-1,-1,2,-1,Evasion,0.05,36500,1200,7300
597,0,4,-1,-1,3,-1,Evasion,0.07,89000,3900,17800
598,0,4,-1,-1,4,-1,Evasion,0.1,219500,12000,43900
599,0,4,-1,-1,5,-1,Evasion,0.2,583000,36300,116600
600,0,4,-1,-1,6,-1,Evasion,0.2,1749000,109200,349800
601,1,4,-1,-1,1,-1,Evasion,0.05,1400,300,280
602,1,4,-1,-1,2,-1,Evasion,0.05,36500,1200,7300
603,1,4,-1,-1,3,-1,Evasion,0.07,89000,3900,17800
604,1,4,-1,-1,4,-1,Evasion,0.1,219500,12000,43900
605,1,4,-1,-1,5,-1,Evasion,0.2,583000,36300,116600
606,1,4,-1,-1,6,-1,Evasion,0.2,1749000,109200,349800
607,2,4,-1,-1,1,-1,Evasion,0.03,1400,300,280
608,2,4,-1,-1,2,-1,Evasion,0.03,36500,1200,7300
609,2,4,-1,-1,3,-1,Evasion,0.04,89000,3900,17800
610,2,4,-1,-1,4,-1,Evasion,0.05,219500,12000,43900
611,2,4,-1,-1,5,-1,Evasion,0.1,583000,36300,116600
612,2,4,-1,-1,6,-1,Evasion,0.1,1749000,109200,349800
613,0,5,-1,-1,1,-1,Health,15,1400,300,280
614,0,5,-1,-1,2,-1,Health,15,36500,1200,7300
615,0,5,-1,-1,3,-1,Health,20,89000,3900,17800
616,0,5,-1,-1,4,-1,Health,30,219500,12000,43900
617,0,5,-1,-1,5,-1,Health,150,583000,36300,116600
618,0,5,-1,-1,6,-1,Health,200,1749000,109200,349800
619,1,5,-1,-1,1,-1,Health,20,1400,300,280
620,1,5,-1,-1,2,-1,Health,20,36500,1200,7300
621,1,5,-1,-1,3,-1,Health,30,89000,3900,17800
622,1,5,-1,-1,4,-1,Health,45,219500,12000,43900
623,1,5,-1,-1,5,-1,Health,150,583000,36300,116600
624,1,5,-1,-1,6,-1,Health,200,1749000,109200,349800
625,1,5,-1,-1,1,-1,Resilience,0.1,1400,300,280
626,1,5,-1,-1,2,-1,Resilience,0.1,36500,1200,7300
627,1,5,-1,-1,3,-1,Resilience,0.15,89000,3900,17800
628,1,5,-1,-1,4,-1,Resilience,0.2,219500,12000,43900
629,1,5,-1,-1,5,-1,Resilience,0.4,583000,36300,116600
630,1,5,-1,-1,6,-1,Resilience,0.4,1749000,109200,349800
631,2,5,-1,-1,1,-1,Health,10,1400,300,280
632,2,5,-1,-1,2,-1,Health,10,36500,1200,7300
633,2,5,-1,-1,3,-1,Health,13,89000,3900,17800
634,2,5,-1,-1,4,-1,Health,16,219500,12000,43900
635,2,5,-1,-1,5,-1,Health,150,583000,36300,116600
636,2,5,-1,-1,6,-1,Health,200,1749000,109200,349800
637,0,6,-1,-1,1,-1,Health,15,1400,300,280
638,0,6,-1,-1,2,-1,Health,15,36500,1200,7300
639,0,6,-1,-1,3,-1,Health,20,89000,3900,17800
640,0,6,-1,-1,4,-1,Health,30,219500,12000,43900
641,0,6,-1,-1,5,-1,Health,150,583000,36300,116600
642,0,6,-1,-1,6,-1,Health,200,1749000,109200,349800
643,1,6,-1,-1,1,-1,Health,15,1400,300,280
644,1,6,-1,-1,2,-1,Health,15,36500,1200,7300
645,1,6,-1,-1,3,-1,Health,20,89000,3900,17800
646,1,6,-1,-1,4,-1,Health,30,219500,12000,43900
647,1,6,-1,-1,5,-1,Health,150,583000,36300,116600
648,1,6,-1,-1,6,-1,Health,200,1749000,109200,349800
649,2,6,-1,-1,1,-1,Health,10,1400,300,280
650,2,6,-1,-1,2,-1,Health,10,36500,1200,7300
651,2,6,-1,-1,3,-1,Health,13,89000,3900,17800
652,2,6,-1,-1,4,-1,Health,16,219500,12000,43900
653,2,6,-1,-1,5,-1,Health,150,583000,36300,116600
654,2,6,-1,-1,6,-1,Health,200,1749000,109200,349800
655,0,7,-1,-1,1,-1,Evasion,0.05,1400,300,280
656,0,7,-1,-1,2,-1,Evasion,0.05,36500,1200,7300
657,0,7,-1,-1,3,-1,Evasion,0.07,89000,3900,17800
658,0,7,-1,-1,4,-1,Evasion,0.1,219500,12000,43900
659,0,7,-1,-1,5,-1,Evasion,0.2,583000,36300,116600
660,0,7,-1,-1,6,-1,Evasion,0.2,1749000,109200,349800
661,0,7,-1,-1,1,-1,MovementAllowance,0.5,1400,300,280
662,0,7,-1,-1,2,-1,MovementAllowance,0,36500,1200,7300
663,0,7,-1,-1,3,-1,MovementAllowance,1,89000,3900,17800
664,0,7,-1,-1,4,-1,MovementAllowance,1.5,219500,12000,43900
665,0,7,-1,-1,5,-1,MovementAllowance,2,583000,36300,116600
666,0,7,-1,-1,6,-1,MovementAllowance,2,1749000,109200,349800
667,1,7,-1,-1,1,-1,Evasion,0.05,1400,300,280
668,1,7,-1,-1,2,-1,Evasion,0.05,36500,1200,7300
669,1,7,-1,-1,3,-1,Evasion,0.07,89000,3900,17800
670,1,7,-1,-1,4,-1,Evasion,0.1,219500,12000,43900
671,1,7,-1,-1,5,-1,Evasion,0.2,583000,36300,116600
672,1,7,-1,-1,6,-1,Evasion,0.2,1749000,109200,349800
673,2,7,-1,-1,1,-1,Evasion,0.03,1400,300,280
674,2,7,-1,-1,2,-1,Evasion,0.03,36500,1200,7300
675,2,7,-1,-1,3,-1,Evasion,0.04,89000,3900,17800
676,2,7,-1,-1,4,-1,Evasion,0.05,219500,12000,43900
677,2,7,-1,-1,5,-1,Evasion,0.1,583000,36300,116600
678,2,7,-1,-1,6,-1,Evasion,0.1,1749000,109200,349800
679,0,8,-1,-1,1,-1,Health,15,1400,300,280
680,0,8,-1,-1,2,-1,Health,15,36500,1200,7300
681,0,8,-1,-1,3,-1,Health,20,89000,3900,17800
682,0,8,-1,-1,4,-1,Health,30,219500,12000,43900
683,0,8,-1,-1,5,-1,Health,150,583000,36300,116600
684,0,8,-1,-1,6,-1,Health,200,1749000,109200,349800
685,1,8,-1,-1,1,-1,Health,15,1400,300,280
686,1,8,-1,-1,2,-1,Health,15,36500,1200,7300
687,1,8,-1,-1,3,-1,Health,20,89000,3900,17800
688,1,8,-1,-1,4,-1,Health,30,219500,12000,43900
689,1,8,-1,-1,5,-1,Health,150,583000,36300,116600
690,1,8,-1,-1,6,-1,Health,200,1749000,109200,349800
691,2,8,-1,-1,1,-1,Health,10,1400,300,280
692,2,8,-1,-1,2,-1,Health,10,36500,1200,7300
693,2,8,-1,-1,3,-1,Health,13,89000,3900,17800
694,2,8,-1,-1,4,-1,Health,16,219500,12000,43900
695,2,8,-1,-1,5,-1,Health,150,583000,36300,116600
696,2,8,-1,-1,6,-1,Health,200,1749000,109200,349800
697,0,9,-1,-1,1,-1,Evasion,0.05,1400,300,280
698,0,9,-1,-1,2,-1,Evasion,0.05,36500,1200,7300
699,0,9,-1,-1,3,-1,Evasion,0.07,89000,3900,17800
700,0,9,-1,-1,4,-1,Evasion,0.1,219500,12000,43900
701,0,9,-1,-1,5,-1,Evasion,0.2,583000,36300,116600
702,0,9,-1,-1,6,-1,Evasion,0.2,1749000,109200,349800
703,1,9,-1,-1,1,-1,Evasion,0.05,1400,300,280
704,1,9,-1,-1,2,-1,Evasion,0.05,36500,1200,7300
705,1,9,-1,-1,3,-1,Evasion,0.07,89000,3900,17800
706,1,9,-1,-1,4,-1,Evasion,0.1,219500,12000,43900
707,1,9,-1,-1,5,-1,Evasion,0.2,583000,36300,116600
708,1,9,-1,-1,6,-1,Evasion,0.2,1749000,109200,349800
709,2,9,-1,-1,1,-1,Evasion,0.03,1400,300,280
710,2,9,-1,-1,2,-1,Evasion,0.03,36500,1200,7300
711,2,9,-1,-1,3,-1,Evasion,0.05,89000,3900,17800
712,2,9,-1,-1,4,-1,Evasion,0.07,219500,12000,43900
713,2,9,-1,-1,5,-1,Evasion,0.1,583000,36300,116600
714,2,9,-1,-1,6,-1,Evasion,0.1,1749000,109200,349800
715,0,11,-1,-1,1,-1,Evasion,0.1,1400,300,280
716,0,11,-1,-1,2,-1,Evasion,0.1,36500,1200,7300
717,0,11,-1,-1,3,-1,Evasion,0.1,89000,3900,17800
718,0,11,-1,-1,4,-1,Evasion,0.1,219500,12000,43900
719,0,11,-1,-1,5,-1,Evasion,0.1,583000,36300,116600
720,0,11,-1,-1,6,-1,Evasion,0.1,1749000,109200,349800
721,1,11,-1,-1,1,-1,Evasion,0.1,1400,300,280
722,1,11,-1,-1,2,-1,Evasion,0.1,36500,1200,7300
723,1,11,-1,-1,3,-1,Evasion,0.1,89000,3900,17800
724,1,11,-1,-1,4,-1,Evasion,0.1,219500,12000,43900
725,1,11,-1,-1,5,-1,Evasion,0.1,583000,36300,116600
726,1,11,-1,-1,6,-1,Evasion,0.1,1749000,109200,349800
727,2,11,-1,-1,1,-1,Evasion,0.05,1400,300,280
728,2,11,-1,-1,2,-1,Evasion,0.05,36500,1200,7300
729,2,11,-1,-1,3,-1,Evasion,0.07,89000,3900,17800
730,2,11,-1,-1,4,-1,Evasion,0.1,219500,12000,43900
731,2,11,-1,-1,5,-1,Evasion,0.12,583000,36300,116600
732,2,11,-1,-1,6,-1,Evasion,0.15,1749000,109200,349800
733,0,12,-1,-1,1,-1,Health,30,1400,300,280
734,0,12,-1,-1,2,-1,Health,30,36500,1200,7300
735,0,12,-1,-1,3,-1,Health,30,89000,3900,17800
736,0,12,-1,-1,4,-1,Health,30,219500,12000,43900
737,0,12,-1,-1,5,-1,Health,150,583000,36300,116600
738,0,12,-1,-1,6,-1,Health,200,1749000,109200,349800
739,1,12,-1,-1,1,-1,Health,30,1400,300,280
740,1,12,-1,-1,2,-1,Health,30,36500,1200,7300
741,1,12,-1,-1,3,-1,Health,30,89000,3900,17800
742,1,12,-1,-1,4,-1,Health,30,219500,12000,43900
743,1,12,-1,-1,5,-1,Health,150,583000,36300,116600
744,1,12,-1,-1,6,-1,Health,200,1749000,109200,349800
745,2,12,-1,-1,1,-1,Health,15,1400,300,280
746,2,12,-1,-1,2,-1,Health,15,36500,1200,7300
747,2,12,-1,-1,3,-1,Health,15,89000,3900,17800
748,2,12,-1,-1,4,-1,Health,15,219500,12000,43900
749,2,12,-1,-1,5,-1,Health,150,583000,36300,116600
750,2,12,-1,-1,6,-1,Health,200,1749000,109200,349800
751,0,10,-1,-1,1,-1,Health,20,1400,300,280
752,0,10,-1,-1,2,-1,Health,20,36500,1200,7300
753,0,10,-1,-1,3,-1,Health,20,89000,3900,17800
754,0,10,-1,-1,4,-1,Health,20,219500,12000,43900
755,0,10,-1,-1,5,-1,Health,150,583000,36300,116600
756,0,10,-1,-1,6,-1,Health,200,1749000,109200,349800
757,1,10,-1,-1,1,-1,Health,20,1400,300,280
758,1,10,-1,-1,2,-1,Health,20,36500,1200,7300
759,1,10,-1,-1,3,-1,Health,20,89000,3900,17800
760,1,10,-1,-1,4,-1,Health,20,219500,12000,43900
761,1,10,-1,-1,5,-1,Health,150,583000,36300,116600
762,1,10,-1,-1,6,-1,Health,200,1749000,109200,349800
763,2,10,-1,-1,1,-1,Health,13,1400,300,280
764,2,10,-1,-1,2,-1,Health,13,36500,1200,7300
765,2,10,-1,-1,3,-1,Health,13,89000,3900,17800
766,2,10,-1,-1,4,-1,Health,13,219500,12000,43900
767,2,10,-1,-1,5,-1,Health,150,583000,36300,116600
768,2,10,-1,-1,6,-1,Health,200,1749000,109200,349800
773,0,2,-1,-1,5,-1,Health,150,583000,36300,116600
774,0,2,-1,-1,6,-1,Health,200,1749000,109200,349800
779,1,2,-1,-1,5,-1,Health,150,583000,36300,116600
780,1,2,-1,-1,6,-1,Health,200,1749000,109200,349800
785,2,2,-1,-1,5,-1,Health,150,583000,36300,116600
786,2,2,-1,-1,6,-1,Health,200,1749000,109200,349800
791,0,3,-1,-1,5,-1,Health,150,583000,36300,116600
792,0,3,-1,-1,6,-1,Health,200,1749000,109200,349800
797,1,3,-1,-1,5,-1,Health,150,583000,36300,116600
798,1,3,-1,-1,6,-1,Health,200,1749000,109200,349800
803,2,3,-1,-1,5,-1,Health,150,583000,36300,116600
804,2,3,-1,-1,6,-1,Health,200,1749000,109200,349800
809,0,4,-1,-1,5,-1,Health,150,583000,36300,116600
810,0,4,-1,-1,6,-1,Health,200,1749000,109200,349800
815,1,4,-1,-1,5,-1,Health,150,583000,36300,116600
816,1,4,-1,-1,6,-1,Health,200,1749000,109200,349800
821,2,4,-1,-1,5,-1,Health,150,583000,36300,116600
822,2,4,-1,-1,6,-1,Health,200,1749000,109200,349800
827,0,7,-1,-1,5,-1,Health,150,583000,36300,116600
828,0,7,-1,-1,6,-1,Health,200,1749000,109200,349800
833,1,7,-1,-1,5,-1,Health,150,583000,36300,116600
834,1,7,-1,-1,6,-1,Health,200,1749000,109200,349800
839,2,7,-1,-1,5,-1,Health,150,583000,36300,116600
840,2,7,-1,-1,6,-1,Health,200,1749000,109200,349800
845,0,9,-1,-1,5,-1,Health,150,583000,36300,116600
846,0,9,-1,-1,6,-1,Health,200,1749000,109200,349800
851,1,9,-1,-1,5,-1,Health,150,583000,36300,116600
852,1,9,-1,-1,6,-1,Health,200,1749000,109200,349800
857,2,9,-1,-1,5,-1,Health,150,583000,36300,116600
858,2,9,-1,-1,6,-1,Health,200,1749000,109200,349800
863,0,11,-1,-1,5,-1,Health,150,583000,36300,116600
864,0,11,-1,-1,6,-1,Health,200,1749000,109200,349800
869,1,11,-1,-1,5,-1,Health,150,583000,36300,116600
870,1,11,-1,-1,6,-1,Health,200,1749000,109200,349800
875,2,11,-1,-1,5,-1,Health,150,583000,36300,116600
876,2,11,-1,-1,6,-1,Health,200,1749000,109200,349800
881,0,0,-1,-1,5,-1,Evasion,0.12,583000,36300,116600
882,0,0,-1,-1,6,-1,Evasion,0.15,1749000,109200,349800
887,2,0,-1,-1,5,-1,Evasion,0.2,583000,36300,116600
888,2,0,-1,-1,6,-1,Evasion,0.2,1749000,109200,349800
893,1,0,-1,-1,5,-1,Evasion,0.1,583000,36300,116600
894,1,0,-1,-1,6,-1,Evasion,0.1,1749000,109200,349800
899,0,1,-1,-1,5,-1,Evasion,0.12,583000,36300,116600
900,0,1,-1,-1,6,-1,Evasion,0.15,1749000,109200,349800
905,2,1,-1,-1,5,-1,Evasion,0.2,583000,36300,116600
906,2,1,-1,-1,6,-1,Evasion,0.2,1749000,109200,349800
911,1,1,-1,-1,5,-1,Evasion,0.1,583000,36300,116600
912,1,1,-1,-1,6,-1,Evasion,0.1,1749000,109200,349800
917,0,5,-1,-1,5,-1,Evasion,0.12,583000,36300,116600
918,0,5,-1,-1,6,-1,Evasion,0.15,1749000,109200,349800
923,2,5,-1,-1,5,-1,Evasion,0.2,583000,36300,116600
924,2,5,-1,-1,6,-1,Evasion,0.2,1749000,109200,349800
929,1,5,-1,-1,5,-1,Evasion,0.1,583000,36300,116600
930,1,5,-1,-1,6,-1,Evasion,0.1,1749000,109200,349800
935,0,6,-1,-1,5,-1,Evasion,0.12,583000,36300,116600
936,0,6,-1,-1,6,-1,Evasion,0.15,1749000,109200,349800
941,2,6,-1,-1,5,-1,Evasion,0.2,583000,36300,116600
942,2,6,-1,-1,6,-1,Evasion,0.2,1749000,109200,349800
947,1,6,-1,-1,5,-1,Evasion,0.1,583000,36300,116600
948,1,6,-1,-1,6,-1,Evasion,0.1,1749000,109200,349800
953,0,8,-1,-1,5,-1,Evasion,0.12,583000,36300,116600
954,0,8,-1,-1,6,-1,Evasion,0.15,1749000,109200,349800
959,2,8,-1,-1,5,-1,Evasion,0.2,583000,36300,116600
960,2,8,-1,-1,6,-1,Evasion,0.2,1749000,109200,349800
965,1,8,-1,-1,5,-1,Evasion,0.1,583000,36300,116600
966,1,8,-1,-1,6,-1,Evasion,0.1,1749000,109200,349800
971,0,10,-1,-1,5,-1,Evasion,0.12,583000,36300,116600
972,0,10,-1,-1,6,-1,Evasion,0.15,1749000,109200,349800
977,2,10,-1,-1,5,-1,Evasion,0.2,583000,36300,116600
978,2,10,-1,-1,6,-1,Evasion,0.2,1749000,109200,349800
983,1,10,-1,-1,5,-1,Evasion,0.1,583000,36300,116600
984,1,10,-1,-1,6,-1,Evasion,0.1,1749000,109200,349800
989,0,12,-1,-1,5,-1,Evasion,0.12,583000,36300,116600
990,0,12,-1,-1,6,-1,Evasion,0.15,1749000,109200,349800
995,2,12,-1,-1,5,-1,Evasion,0.2,583000,36300,116600
996,2,12,-1,-1,6,-1,Evasion,0.2,1749000,109200,349800
1001,1,12,-1,-1,5,-1,Evasion,0.1,583000,36300,116600
1002,1,12,-1,-1,6,-1,Evasion,0.1,1749000,109200,349800
1007,0,1,-1,-1,5,-1,MovementAllowance,2.5,583000,36300,116600
1008,0,1,-1,-1,6,-1,MovementAllowance,4,1749000,109200,349800
1013,0,2,-1,-1,5,-1,MovementAllowance,2.5,583000,36300,116600
1014,0,2,-1,-1,6,-1,MovementAllowance,4,1749000,109200,349800
1019,0,3,-1,-1,5,-1,MovementAllowance,2.5,583000,36300,116600
1020,0,3,-1,-1,6,-1,MovementAllowance,4,1749000,109200,349800
1025,0,4,-1,-1,5,-1,MovementAllowance,2.5,583000,36300,116600
1026,0,4,-1,-1,6,-1,MovementAllowance,4,1749000,109200,349800
1031,0,5,-1,-1,5,-1,MovementAllowance,2.5,583000,36300,116600
1032,0,5,-1,-1,6,-1,MovementAllowance,4,1749000,109200,349800
1037,0,6,-1,-1,5,-1,MovementAllowance,2.5,583000,36300,116600
1038,0,6,-1,-1,6,-1,MovementAllowance,4,1749000,109200,349800
1043,0,8,-1,-1,5,-1,MovementAllowance,2.5,583000,36300,116600
1044,0,8,-1,-1,6,-1,MovementAllowance,4,1749000,109200,349800
1049,0,9,-1,-1,5,-1,MovementAllowance,2.5,583000,36300,116600
1050,0,9,-1,-1,6,-1,MovementAllowance,4,1749000,109200,349800
1055,0,10,-1,-1,5,-1,MovementAllowance,2.5,583000,36300,116600
1056,0,10,-1,-1,6,-1,MovementAllowance,4,1749000,109200,349800
1061,0,11,-1,-1,5,-1,MovementAllowance,2.5,583000,36300,116600
1062,0,11,-1,-1,6,-1,MovementAllowance,4,1749000,109200,349800
1067,0,12,-1,-1,5,-1,MovementAllowance,2.5,583000,36300,116600
1068,0,12,-1,-1,6,-1,MovementAllowance,4,1749000,109200,349800
1073,1,0,-1,-1,5,-1,Resilience,0.4,583000,36300,116600
1074,1,0,-1,-1,6,-1,Resilience,0.5,1749000,109200,349800
1079,1,1,-1,-1,5,-1,Resilience,0.4,583000,36300,116600
1080,1,1,-1,-1,6,-1,Resilience,0.5,1749000,109200,349800
1085,1,2,-1,-1,5,-1,Resilience,0.4,583000,36300,116600
1086,1,2,-1,-1,6,-1,Resilience,0.5,1749000,109200,349800
1091,1,3,-1,-1,5,-1,Resilience,0.4,583000,36300,116600
1092,1,3,-1,-1,6,-1,Resilience,0.5,1749000,109200,349800
1097,1,4,-1,-1,5,-1,Resilience,0.4,583000,36300,116600
1098,1,4,-1,-1,6,-1,Resilience,0.5,1749000,109200,349800
1103,1,6,-1,-1,5,-1,Resilience,0.4,583000,36300,116600
1104,1,6,-1,-1,6,-1,Resilience,0.5,1749000,109200,349800
1109,1,7,-1,-1,5,-1,Resilience,0.4,583000,36300,116600
1110,1,7,-1,-1,6,-1,Resilience,0.5,1749000,109200,349800
1115,1,8,-1,-1,5,-1,Resilience,0.4,583000,36300,116600
1116,1,8,-1,-1,6,-1,Resilience,0.5,1749000,109200,349800
1121,1,9,-1,-1,5,-1,Resilience,0.4,583000,36300,116600
1122,1,9,-1,-1,6,-1,Resilience,0.5,1749000,109200,349800
1127,1,10,-1,-1,5,-1,Resilience,0.4,583000,36300,116600
1128,1,10,-1,-1,6,-1,Resilience,0.5,1749000,109200,349800
1133,1,11,-1,-1,5,-1,Resilience,0.4,583000,36300,116600
1134,1,11,-1,-1,6,-1,Resilience,0.5,1749000,109200,349800
1139,1,12,-1,-1,5,-1,Resilience,0.4,583000,36300,116600
1140,1,12,-1,-1,6,-1,Resilience,0.5,1749000,109200,349800
1145,2,12,-1,-1,5,-1,WeaponAccuracy,0.2,583000,36300,116600
1146,2,12,-1,-1,6,-1,WeaponAccuracy,0.3,1749000,109200,349800
1151,2,11,-1,-1,5,-1,WeaponAccuracy,0.2,583000,36300,116600
1152,2,11,-1,-1,6,-1,WeaponAccuracy,0.3,1749000,109200,349800
1157,2,10,-1,-1,5,-1,WeaponAccuracy,0.2,583000,36300,116600
1158,2,10,-1,-1,6,-1,WeaponAccuracy,0.3,1749000,109200,349800
1163,2,9,-1,-1,5,-1,WeaponAccuracy,0.2,583000,36300,116600
1164,2,9,-1,-1,6,-1,WeaponAccuracy,0.3,1749000,109200,349800
1169,2,8,-1,-1,5,-1,WeaponAccuracy,0.2,583000,36300,116600
1170,2,8,-1,-1,6,-1,WeaponAccuracy,0.3,1749000,109200,349800
1175,2,7,-1,-1,5,-1,WeaponAccuracy,0.2,583000,36300,116600
1176,2,7,-1,-1,6,-1,WeaponAccuracy,0.3,1749000,109200,349800
1181,2,6,-1,-1,5,-1,WeaponAccuracy,0.2,583000,36300,116600
1182,2,6,-1,-1,6,-1,WeaponAccuracy,0.3,1749000,109200,349800
1187,2,5,-1,-1,5,-1,WeaponAccuracy,0.2,583000,36300,116600
1188,2,5,-1,-1,6,-1,WeaponAccuracy,0.3,1749000,109200,349800
1193,2,4,-1,-1,5,-1,WeaponAccuracy,0.2,583000,36300,116600
1194,2,4,-1,-1,6,-1,WeaponAccuracy,0.3,1749000,109200,349800
1199,2,3,-1,-1,5,-1,WeaponAccuracy,0.2,583000,36300,116600
1200,2,3,-1,-1,6,-1,WeaponAccuracy,0.3,1749000,109200,349800
1205,2,2,-1,-1,5,-1,WeaponAccuracy,0.2,583000,36300,116600
1206,2,2,-1,-1,6,-1,WeaponAccuracy,0.3,1749000,109200,349800
1211,2,1,-1,-1,5,-1,WeaponAccuracy,0.2,583000,36300,116600
1212,2,1,-1,-1,6,-1,WeaponAccuracy,0.3,1749000,109200,349800
1217,2,0,-1,-1,5,-1,WeaponAccuracy,0.2,583000,36300,116600
1218,2,0,-1,-1,6,-1,WeaponAccuracy,0.3,1749000,109200,349800
1219,-1,-1,0,0,5,0,WeaponCritChance,10,194500,12100,38900
1220,-1,-1,0,1,5,0,WeaponCritChance,10,194500,12100,38900
1221,-1,-1,0,1,5,1,WeaponCritChance,10,194500,12100,38900
1222,-1,-1,0,1,5,2,WeaponCritChance,10,194500,12100,38900
1223,-1,-1,0,2,5,0,WeaponCritChance,10,194500,12100,38900
1224,-1,-1,0,2,5,1,WeaponCritChance,10,194500,12100,38900
1225,-1,-1,0,2,5,2,WeaponCritChance,10,194500,12100,38900
1226,-1,-1,0,3,5,0,WeaponCritChance,10,194500,12100,38900
1227,-1,-1,0,3,5,1,WeaponCritChance,10,194500,12100,38900
1228,-1,-1,0,3,5,2,WeaponCritChance,10,194500,12100,38900
1229,-1,-1,16,1,5,0,WeaponCritChance,10,194500,12100,38900
1230,-1,-1,16,1,5,1,WeaponCritChance,10,194500,12100,38900
1231,-1,-1,16,1,5,2,WeaponCritChance,10,194500,12100,38900
1232,-1,-1,16,2,5,0,WeaponCritChance,10,194500,12100,38900
1233,-1,-1,16,2,5,1,WeaponCritChance,10,194500,12100,38900
1234,-1,-1,16,3,5,0,WeaponCritChance,10,194500,12100,38900
1235,-1,-1,16,3,5,1,WeaponCritChance,10,194500,12100,38900
1236,-1,-1,16,3,5,2,WeaponCritChance,10,194500,12100,38900
1237,-1,-1,1,0,5,0,WeaponCritChance,10,194500,12100,38900
1238,-1,-1,1,0,5,1,WeaponCritChance,10,194500,12100,38900
1239,-1,-1,1,1,5,0,WeaponCritChance,10,194500,12100,38900
1240,-1,-1,1,1,5,1,WeaponCritChance,10,194500,12100,38900
1241,-1,-1,1,2,5,0,WeaponCritChance,10,194500,12100,38900
1242,-1,-1,1,2,5,1,WeaponCritChance,10,194500,12100,38900
1243,-1,-1,1,2,5,2,WeaponCritChance,10,194500,12100,38900
1244,-1,-1,1,3,5,1,WeaponCritChance,10,194500,12100,38900
1245,-1,-1,1,3,5,2,WeaponCritChance,10,194500,12100,38900
1246,-1,-1,8,0,5,0,WeaponCritChance,10,194500,12100,38900
1247,-1,-1,8,0,5,1,WeaponCritChance,10,194500,12100,38900
1248,-1,-1,8,1,5,0,WeaponCritChance,10,194500,12100,38900
1249,-1,-1,8,1,5,1,WeaponCritChance,10,194500,12100,38900
1250,-1,-1,8,1,5,2,WeaponCritChance,10,194500,12100,38900
1251,-1,-1,8,2,5,0,WeaponCritChance,10,194500,12100,38900
1252,-1,-1,8,2,5,1,WeaponCritChance,10,194500,12100,38900
1253,-1,-1,8,3,5,2,WeaponCritChance,10,194500,12100,38900
1254,-1,-1,4,0,5,0,WeaponCritChance,10,194500,12100,38900
1255,-1,-1,4,0,5,1,WeaponCritChance,10,194500,12100,38900
1256,-1,-1,4,0,5,2,WeaponCritChance,10,194500,12100,38900
1257,-1,-1,4,1,5,0,WeaponCritChance,10,194500,12100,38900
1258,-1,-1,4,2,5,0,WeaponCritChance,10,194500,12100,38900
1259,-1,-1,4,2,5,1,WeaponCritChance,10,194500,12100,38900
1260,-1,-1,4,2,5,2,WeaponCritChance,10,194500,12100,38900
1261,-1,-1,4,3,5,0,WeaponCritChance,10,194500,12100,38900
1262,-1,-1,1,1,5,0,WeaponAccuracy,0.2,194500,12100,38900
1263,-1,-1,1,1,5,1,WeaponAccuracy,0.2,194500,12100,38900
1264,-1,-1,1,1,5,2,WeaponAccuracy,0.2,194500,12100,38900
1265,-1,-1,4,1,5,0,WeaponAccuracy,0.2,194500,12100,38900
1266,-1,-1,4,1,5,1,WeaponAccuracy,0.2,194500,12100,38900
1267,-1,-1,4,1,5,2,WeaponAccuracy,0.2,194500,12100,38900
1268,-1,-1,8,1,5,0,WeaponAccuracy,0.2,194500,12100,38900
1269,-1,-1,8,1,5,1,WeaponAccuracy,0.2,194500,12100,38900
1270,-1,-1,8,1,5,2,WeaponAccuracy,0.2,194500,12100,38900
1271,-1,-1,16,1,5,0,WeaponAccuracy,0.2,194500,12100,38900
1272,-1,-1,16,1,5,1,WeaponAccuracy,0.2,194500,12100,38900
1273,-1,-1,16,1,5,2,WeaponAccuracy,0.2,194500,12100,38900
1274,-1,-1,0,1,5,0,WeaponAccuracy,0.2,194500,12100,38900
1275,-1,-1,0,1,5,1,WeaponAccuracy,0.2,194500,12100,38900
1276,-1,-1,0,1,5,2,WeaponAccuracy,0.2,194500,12100,38900
1277,-1,-1,0,0,5,0,WeaponCritDamageMultiplier,0.25,194500,12100,38900
1278,-1,-1,0,0,5,1,WeaponCritDamageMultiplier,0.25,194500,12100,38900
1279,-1,-1,0,0,5,2,WeaponCritDamageMultiplier,0.25,194500,12100,38900
1280,-1,-1,0,1,5,0,WeaponCritDamageMultiplier,0.25,194500,12100,38900
1281,-1,-1,0,1,5,1,WeaponCritDamageMultiplier,0.25,194500,12100,38900
1282,-1,-1,0,1,5,2,WeaponCritDamageMultiplier,0.25,194500,12100,38900
1283,-1,-1,0,2,5,0,WeaponCritDamageMultiplier,0.25,194500,12100,38900
1284,-1,-1,0,2,5,1,WeaponCritDamageMultiplier,0.25,194500,12100,38900
1285,-1,-1,0,2,5,2,WeaponCritDamageMultiplier,0.25,194500,12100,38900
1286,-1,-1,1,0,5,0,WeaponCritDamageMultiplier,0.25,194500,12100,38900
1287,-1,-1,1,0,5,1,WeaponCritDamageMultiplier,0.25,194500,12100,38900
1288,-1,-1,1,0,5,2,WeaponCritDamageMultiplier,0.25,194500,12100,38900
1289,-1,-1,1,1,5,0,WeaponCritDamageMultiplier,0.25,194500,12100,38900
1290,-1,-1,1,1,5,1,WeaponCritDamageMultiplier,0.25,194500,12100,38900
1291,-1,-1,1,1,5,2,WeaponCritDamageMultiplier,0.25,194500,12100,38900
1292,-1,-1,1,2,5,0,WeaponCritDamageMultiplier,0.25,194500,12100,38900
1293,-1,-1,1,2,5,1,WeaponCritDamageMultiplier,0.25,194500,12100,38900
1294,-1,-1,1,2,5,2,WeaponCritDamageMultiplier,0.25,194500,12100,38900
1295,-1,-1,16,0,5,0,WeaponCritDamageMultiplier,0.25,194500,12100,38900
1296,-1,-1,16,0,5,1,WeaponCritDamageMultiplier,0.25,194500,12100,38900
1297,-1,-1,16,0,5,2,WeaponCritDamageMultiplier,0.25,194500,12100,38900
1298,-1,-1,16,1,5,0,WeaponCritDamageMultiplier,0.25,194500,12100,38900
1299,-1,-1,16,1,5,1,WeaponCritDamageMultiplier,0.25,194500,12100,38900
1300,-1,-1,16,1,5,2,WeaponCritDamageMultiplier,0.25,194500,12100,38900
1301,-1,-1,16,2,5,0,WeaponCritDamageMultiplier,0.25,194500,12100,38900
1302,-1,-1,16,2,5,1,WeaponCritDamageMultiplier,0.25,194500,12100,38900
1303,-1,-1,16,2,5,2,WeaponCritDamageMultiplier,0.25,194500,12100,38900
1304,-1,-1,8,0,5,0,WeaponCritDamageMultiplier,0.25,194500,12100,38900
1305,-1,-1,8,0,5,1,WeaponCritDamageMultiplier,0.25,194500,12100,38900
1306,-1,-1,8,0,5,2,WeaponCritDamageMultiplier,0.25,194500,12100,38900
1307,-1,-1,8,1,5,0,WeaponCritDamageMultiplier,0.25,194500,12100,38900
1308,-1,-1,8,1,5,1,WeaponCritDamageMultiplier,0.25,194500,12100,38900
1309,-1,-1,8,1,5,2,WeaponCritDamageMultiplier,0.25,194500,12100,38900
1310,-1,-1,8,2,5,0,WeaponCritDamageMultiplier,0.25,194500,12100,38900
1311,-1,-1,8,2,5,1,WeaponCritDamageMultiplier,0.25,194500,12100,38900
1312,-1,-1,8,2,5,2,WeaponCritDamageMultiplier,0.25,194500,12100,38900
1313,-1,-1,4,0,5,0,WeaponCritDamageMultiplier,0.25,194500,12100,38900
1314,-1,-1,4,0,5,1,WeaponCritDamageMultiplier,0.25,194500,12100,38900
1315,-1,-1,4,0,5,2,WeaponCritDamageMultiplier,0.25,194500,12100,38900
1316,-1,-1,4,1,5,0,WeaponCritDamageMultiplier,0.25,194500,12100,38900
1317,-1,-1,4,1,5,1,WeaponCritDamageMultiplier,0.25,194500,12100,38900
1318,-1,-1,4,1,5,2,WeaponCritDamageMultiplier,0.25,194500,12100,38900
1319,-1,-1,4,2,5,0,WeaponCritDamageMultiplier,0.25,194500,12100,38900
1320,-1,-1,4,2,5,1,WeaponCritDamageMultiplier,0.25,194500,12100,38900
1321,-1,-1,4,2,5,2,WeaponCritDamageMultiplier,0.25,194500,12100,38900
1322,-1,-1,0,3,5,0,WeaponCritDamageMultiplier,0.25,194500,12100,38900
1323,-1,-1,0,3,5,1,WeaponCritDamageMultiplier,0.25,194500,12100,38900
1324,-1,-1,0,3,5,2,WeaponCritDamageMultiplier,0.25,194500,12100,38900
1325,-1,-1,1,3,5,0,WeaponCritDamageMultiplier,0.25,194500,12100,38900
1326,-1,-1,1,3,5,1,WeaponCritDamageMultiplier,0.25,194500,12100,38900
1327,-1,-1,1,3,5,2,WeaponCritDamageMultiplier,0.25,194500,12100,38900
1328,-1,-1,4,3,5,0,WeaponCritDamageMultiplier,0.25,194500,12100,38900
1329,-1,-1,4,3,5,1,WeaponCritDamageMultiplier,0.25,194500,12100,38900
1330,-1,-1,4,3,5,2,WeaponCritDamageMultiplier,0.25,194500,12100,38900
1331,-1,-1,8,3,5,0,WeaponCritDamageMultiplier,0.25,194500,12100,38900
1332,-1,-1,8,3,5,1,WeaponCritDamageMultiplier,0.25,194500,12100,38900
1333,-1,-1,8,3,5,2,WeaponCritDamageMultiplier,0.25,194500,12100,38900
1334,-1,-1,16,3,5,0,WeaponCritDamageMultiplier,0.25,194500,12100,38900
1335,-1,-1,16,3,5,1,WeaponCritDamageMultiplier,0.25,194500,12100,38900
1336,-1,-1,16,3,5,2,WeaponCritDamageMultiplier,0.25,194500,12100,38900
1337,-1,-1,1,3,5,0,WeaponMagazineSize,3,194500,12100,38900
1338,-1,-1,8,3,5,0,WeaponMagazineSize,3,194500,12100,38900
1339,-1,-1,8,3,5,1,WeaponMagazineSize,3,194500,12100,38900
1340,-1,-1,4,3,5,1,WeaponMagazineSize,3,194500,12100,38900
1341,-1,-1,4,3,5,2,WeaponMagazineSize,3,194500,12100,38900
1342,-1,-1,1,2,5,0,WeaponDamage,60,194500,12100,38900
1612,-1,-1,0,2,5,0,WeaponRange,5,194500,12100,38900
1613,-1,-1,0,2,5,1,WeaponRange,5,194500,12100,38900
1614,-1,-1,0,2,5,2,WeaponRange,5,194500,12100,38900
1615,-1,-1,1,2,5,0,WeaponRange,2,194500,12100,38900
1616,-1,-1,1,2,5,1,WeaponRange,2,194500,12100,38900
1617,-1,-1,1,2,5,2,WeaponRange,2,194500,12100,38900
1618,-1,-1,8,2,5,0,WeaponRange,4,194500,12100,38900
1619,-1,-1,8,2,5,1,WeaponRange,4,194500,12100,38900
1620,-1,-1,8,2,5,2,WeaponRange,4,194500,12100,38900
1621,-1,-1,4,2,5,0,WeaponRange,7,194500,12100,38900
1622,-1,-1,4,2,5,1,WeaponRange,7,194500,12100,38900
1623,-1,-1,4,2,5,2,WeaponRange,7,194500,12100,38900
1624,-1,-1,16,2,5,0,WeaponRange,3,194500,12100,38900
1625,-1,-1,16,2,5,1,WeaponRange,3,194500,12100,38900
1626,-1,-1,16,2,5,2,WeaponRange,3,194500,12100,38900
1643,1,12,-1,-1,5,-1,DefenseValue,100,583000,36300,116600
1645,1,11,-1,-1,5,-1,DefenseValue,100,583000,36300,116600
1647,1,10,-1,-1,5,-1,DefenseValue,100,583000,36300,116600
1649,1,9,-1,-1,5,-1,DefenseValue,100,583000,36300,116600
1651,1,8,-1,-1,5,-1,DefenseValue,100,583000,36300,116600
1653,1,7,-1,-1,5,-1,DefenseValue,100,583000,36300,116600
1655,1,6,-1,-1,5,-1,DefenseValue,100,583000,36300,116600
1657,1,5,-1,-1,5,-1,DefenseValue,100,583000,36300,116600
1659,1,4,-1,-1,5,-1,DefenseValue,100,583000,36300,116600
1661,1,3,-1,-1,5,-1,DefenseValue,100,583000,36300,116600
1663,1,2,-1,-1,5,-1,DefenseValue,100,583000,36300,116600
1665,1,1,-1,-1,5,-1,DefenseValue,100,583000,36300,116600
1667,1,0,-1,-1,5,-1,DefenseValue,100,583000,36300,116600
LancerS_Stock,-1,-1,0,0,7,3,WeaponDamage,180,1,1,1
LancerS_Stock1,-1,-1,0,0,7,3,MovementAllowance,2,1,1,1
LancerS_Stock2,-1,-1,0,0,7,3,WeaponCritDamageMultiplier,0.5,1,1,1
LancerS_Stock3,-1,-1,0,0,7,3,WeaponCritChance,20,1,1,1
LancerS_Sights,-1,-1,0,1,7,3,WeaponAccuracy,0.3,1,1,1
LancerS_Sights1,-1,-1,0,1,7,3,WeaponCritDamageMultiplier,0.25,1,1,1
LancerS_Sights2,-1,-1,0,1,7,3,WeaponCritChance,20,1,1,1
LancerS_Barrel,-1,-1,0,2,7,3,WeaponCritDamageMultiplier,0.5,1,1,1
LancerS_Barre2,-1,-1,0,2,7,3,WeaponCritChance,20,1,1,1
LancerS_Barre3,-1,-1,0,2,7,3,WeaponDamage,120,1,1,1
LancerS_Barre4,-1,-1,0,2,7,3,WeaponRange,10,1,1,1
LancerS_Magazine,-1,-1,0,3,7,3,WeaponMagazineSize,10,1,1,1
LancerS_Magazine1,-1,-1,0,3,7,3,WeaponCritChance,20,1,1,1
LancerS_Magazine2,-1,-1,0,3,7,3,WeaponAccuracy,0.2,1,1,1
LancerS_Magazine3,-1,-1,0,3,7,3,WeaponCritDamageMultiplier,0.25,1,1,1
RetroS_Stock,-1,-1,16,0,7,3,WeaponCritDamageMultiplier,2,1,1,1
RetroS_Stock1,-1,-1,16,0,7,3,WeaponCritChance,20,1,1,1
RetroS_Sights,-1,-1,16,1,7,3,WeaponCritChance,30,1,1,1
RetroS_Sights1,-1,-1,16,1,7,3,WeaponAccuracy,0.35,1,1,1
RetroS_Sights2,-1,-1,16,1,7,3,WeaponCritDamageMultiplier,0.5,1,1,1
RetroS_Barrel,-1,-1,16,2,7,3,WeaponDamage,120,1,1,1
RetroS_Barrel1,-1,-1,16,2,7,3,WeaponRange,6,1,1,1
RetroS_Barrel2,-1,-1,16,2,7,3,WeaponCritChance,20,1,1,1
RetroS_Barrel3,-1,-1,16,2,7,3,WeaponCritDamageMultiplier,0.5,1,1,1
RetroS_Magazine,-1,-1,16,3,7,3,WeaponAccuracy,0.2,1,1,1
RetroS_Magazine1,-1,-1,16,3,7,3,WeaponDamage,80,1,1,1
RetroS_Magazine2,-1,-1,16,3,7,3,WeaponCritChance,20,1,1,1
RetroS_Magazine3,-1,-1,16,3,7,3,WeaponCritDamageMultiplier,0.5,1,1,1
RetroS_Magazine4,-1,-1,16,3,7,3,WeaponMagazineSize,10,1,1,1
GnasherS_Grip,-1,-1,1,0,7,3,WeaponCritChance,40,1,1,1
GnasherS_Grip1,-1,-1,1,0,7,3,WeaponAccuracy,0.3,1,1,1
GnasherS_Grip2,-1,-1,1,0,7,3,WeaponCritDamageMultiplier,0.5,1,1,1
GnasherS_Grip3,-1,-1,1,0,7,3,WeaponDamage,65,1,1,1
GnasherS_Sights,-1,-1,1,1,7,3,WeaponAccuracy,0.2,1,1,1
GnasherS_Sights1,-1,-1,1,1,7,3,WeaponCritChance,20,1,1,1
GnasherS_Sights2,-1,-1,1,1,7,3,WeaponCritDamageMultiplier,0.5.2,1,1,1
GnasherS_Barrel,-1,-1,1,2,7,3,WeaponDamage,240,1,1,1
GnasherS_Barrel1,-1,-1,1,2,7,3,WeaponRange,4,1,1,1
GnasherS_Barrel2,-1,-1,1,2,7,3,WeaponCritChance,20,1,1,1
GnasherS_Barrel3,-1,-1,1,2,7,3,WeaponCritDamageMultiplier,0.5,1,1,1
GnasherS_Handle,-1,-1,1,3,7,3,MovementAllowance,4,1,1,1
GnasherS_Handle1,-1,-1,1,3,7,3,WeaponMagazineSize,6,1,1,1
GnasherS_Handle2,-1,-1,1,3,7,3,WeaponDamage,80,1,1,1
GnasherS_Handle3,-1,-1,1,3,7,3,WeaponCritChance,20,1,1,1
GnasherS_Handle4,-1,-1,1,3,7,3,WeaponCritDamageMultiplier,0.5,1,1,1
LongshotS_Stock,-1,-1,4,0,7,3,WeaponAccuracy,0.18,1,1,1
LongshotS_Stock1,-1,-1,4,0,7,3,WeaponCritChance,40,1,1,1
LongshotS_Stock2,-1,-1,4,0,7,3,WeaponCritDamageMultiplier,0.5,1,1,1
LongshotS_Scope,-1,-1,4,1,7,3,WeaponCritChance,40,1,1,1
LongshotS_Scope1,-1,-1,4,1,7,3,WeaponAccuracy,0.2,1,1,1
LongshotS_Scope2,-1,-1,4,1,7,3,WeaponCritDamageMultiplier,0.5,1,1,1
LongshotS_Barrel,-1,-1,4,2,7,3,WeaponCritDamageMultiplier,4,1,1,1
LongshotS_Barre2,-1,-1,4,2,7,3,WeaponCritChance,20,1,1,1
LongshotS_Barre3,-1,-1,4,2,7,3,WeaponDamage,120,1,1,1
LongshotS_Barre4,-1,-1,4,2,7,3,WeaponRange,14,1,1,1
LongshotS_Magazine,-1,-1,4,3,7,3,WeaponDamage,160,1,1,1
LongshotS_Magazine1,-1,-1,4,3,7,3,WeaponMagazineSize,4,1,1,1
LongshotS_Magazine2,-1,-1,4,3,7,3,WeaponCritChance,20,1,1,1
LongshotS_Magazine3,-1,-1,4,3,7,3,WeaponCritDamageMultiplier,0.5,1,1,1
LongshotS_Magazine4,-1,-1,4,3,7,3,MovementAllowance,5,1,1,1
MulcherS_Handle,-1,-1,8,0,7,3,WeaponDamage,160,1,1,1
MulcherS_Handle1,-1,-1,8,0,7,3,WeaponCritChance,20,1,1,1
MulcherS_Handle2,-1,-1,8,0,7,3,WeaponCritDamageMultiplier,0.5,1,1,1
MulcherS_Adapter,-1,-1,8,1,7,3,WeaponAccuracy,0.4,1,1,1
MulcherS_Adapter1,-1,-1,8,1,7,3,WeaponRange,2,1,1,1
MulcherS_Adapter2,-1,-1,8,1,7,3,WeaponCritChance,20,1,1,1
MulcherS_Adapter3,-1,-1,8,1,7,3,WeaponCritDamageMultiplier,0.5,1,1,1
MulcherS_Barrel,-1,-1,8,2,7,3,WeaponCritChance,30,1,1,1
MulcherS_Barrel1,-1,-1,8,2,7,3,WeaponDamage,120,1,1,1
MulcherS_Barrel2,-1,-1,8,2,7,3,WeaponRange,8,1,1,1
MulcherS_Barrel3,-1,-1,8,2,7,3,WeaponCritDamageMultiplier,0.5,1,1,1
MulcherS_Magazine,-1,-1,8,3,7,3,WeaponMagazineSize,10,1,1,1
MulcherS_Magazine1,-1,-1,8,3,7,3,WeaponCritDamageMultiplier,0.5,1,1,1
MulcherS_Magazine2,-1,-1,8,3,7,3,WeaponCritChance,20,1,1,1
